date,close
2015-01-02,2191.06005859375
2015-01-05,2128.679931640625
2015-01-07,2138.39990234375
2015-01-08,2169.919921875
2015-01-09,2147.919921875
2015-01-12,2145.449951171875
2015-01-13,2156.419921875
2015-01-14,2122.080078125
2015-01-15,2141.0
2015-01-16,2143.360107421875
2015-01-19,2148.139892578125
2015-01-20,2170.239990234375
2015-01-21,2191.919921875
2015-01-22,2230.090087890625
2015-01-23,2227.64990234375
2015-01-26,2252.139892578125
2015-01-27,2223.72998046875
2015-01-28,2194.139892578125
2015-01-29,2187.1298828125
2015-01-30,2191.110107421875
2015-02-02,2217.81005859375
2015-02-03,2263.070068359375
2015-02-04,2252.719970703125
2015-02-05,2253.3701171875
2015-02-06,2274.820068359375
2015-02-09,2287.739990234375
2015-02-10,2327.219970703125
2015-02-11,2321.239990234375
2015-02-12,2375.85009765625
2015-02-13,2399.590087890625
2015-02-16,2401.949951171875
2015-02-17,2402.7900390625
2015-02-18,2427.760009765625
2015-02-19,2426.050048828125
2015-02-20,2450.93994140625
2015-02-23,2457.320068359375
2015-02-24,2472.070068359375
2015-02-25,2485.31005859375
2015-02-26,2477.580078125
2015-02-27,2495.2099609375
2015-03-02,2480.60009765625
2015-03-03,2476.320068359375
2015-03-04,2465.530029296875
2015-03-05,2506.820068359375
2015-03-06,2548.300048828125
2015-03-09,2537.52001953125
2015-03-10,2480.5400390625
2015-03-11,2505.9599609375
2015-03-12,2506.75
2015-03-13,2517.159912109375
2015-03-16,2523.530029296875
2015-03-17,2500.510009765625
2015-03-18,2481.81005859375
2015-03-19,2510.18994140625
2015-03-20,2528.60009765625
2015-03-23,2532.409912109375
2015-03-24,2537.75
2015-03-25,2523.39990234375
2015-03-26,2481.6298828125
2015-03-27,2464.969970703125
2015-03-30,2516.1298828125
2015-03-31,2509.820068359375
2015-04-01,2541.550048828125
2015-04-02,2545.68994140625
2015-04-07,2581.93994140625
2015-04-08,2590.419921875
2015-04-09,2614.580078125
2015-04-10,2620.52001953125
2015-04-13,2646.7099609375
2015-04-14,2628.139892578125
2015-04-15,2650.97998046875
2015-04-16,2634.989990234375
2015-04-17,2589.56005859375
2015-04-20,2608.300048828125
2015-04-21,2632.260009765625
2015-04-22,2617.2900390625
2015-04-23,2613.179931640625
2015-04-24,2637.85009765625
2015-04-27,2661.699951171875
2015-04-28,2646.669921875
2015-04-29,2586.510009765625
2015-04-30,2586.330078125
2015-05-04,2614.090087890625
2015-05-05,2583.929931640625
2015-05-06,2571.260009765625
2015-05-07,2615.330078125
2015-05-08,2653.22998046875
2015-05-11,2653.800048828125
2015-05-12,2633.030029296875
2015-05-13,2659.570068359375
2015-05-15,2681.43994140625
2015-05-18,2637.550048828125
2015-05-19,2642.56005859375
2015-05-20,2652.39990234375
2015-05-21,2639.919921875
2015-05-22,2640.719970703125
2015-05-26,2596.7900390625
2015-05-27,2614.6298828125
2015-05-28,2576.429931640625
2015-05-29,2568.760009765625
2015-06-01,2554.280029296875
2015-06-02,2578.590087890625
2015-06-03,2612.35009765625
2015-06-05,2544.669921875
2015-06-08,2500.97998046875
2015-06-09,2502.800048828125
2015-06-10,2546.409912109375
2015-06-11,2527.340087890625
2015-06-12,2494.030029296875
2015-06-15,2434.300048828125
2015-06-16,2451.699951171875
2015-06-17,2428.719970703125
2015-06-18,2443.39990234375
2015-06-19,2431.02001953125
2015-06-22,2504.489990234375
2015-06-23,2519.050048828125
2015-06-24,2512.830078125
2015-06-25,2499.469970703125
2015-06-26,2509.56005859375
2015-06-29,2427.199951171875
2015-06-30,2411.77001953125
2015-07-01,2461.159912109375
2015-07-02,2437.6298828125
2015-07-03,2433.239990234375
2015-07-06,2374.06005859375
2015-07-07,2330.840087890625
2015-07-08,2360.0400390625
2015-07-09,2411.97998046875
2015-07-10,2464.75
2015-07-13,2513.35009765625
2015-07-14,2506.719970703125
2015-07-15,2498.449951171875
2015-07-16,2532.139892578125
2015-07-17,2533.43994140625
2015-07-20,2552.31005859375
2015-07-21,2541.510009765625
2015-07-22,2521.610107421875
2015-07-23,2524.31005859375
2015-07-24,2507.97998046875
2015-07-27,2455.530029296875
2015-07-28,2480.239990234375
2015-07-29,2481.97998046875
2015-07-30,2481.280029296875
2015-07-31,2499.449951171875
2015-08-03,2499.43994140625
2015-08-04,2489.760009765625
2015-08-05,2501.760009765625
2015-08-06,2481.72998046875
2015-08-07,2487.9599609375
2015-08-10,2497.010009765625
2015-08-11,2468.469970703125
2015-08-12,2414.3701171875
2015-08-13,2452.840087890625
2015-08-14,2453.60009765625
2015-08-17,2450.72998046875
2015-08-18,2462.159912109375
2015-08-19,2443.7099609375
2015-08-20,2395.1201171875
2015-08-21,2316.179931640625
2015-08-24,2207.68994140625
2015-08-25,2287.699951171875
2015-08-26,2266.669921875
2015-08-27,2349.449951171875
2015-08-28,2335.889892578125
2015-08-31,2325.110107421875
2015-09-01,2278.110107421875
2015-09-02,2261.820068359375
2015-09-03,2303.669921875
2015-09-04,2251.7099609375
2015-09-07,2256.219970703125
2015-09-08,2282.8701171875
2015-09-09,2298.27001953125
2015-09-10,2281.31005859375
2015-09-11,2266.0400390625
2015-09-14,2261.3701171875
2015-09-15,2272.35009765625
2015-09-16,2292.800048828125
2015-09-17,2290.429931640625
2015-09-18,2240.830078125
2015-09-21,2244.929931640625
2015-09-22,2200.090087890625
2015-09-23,2205.070068359375
2015-09-24,2172.489990234375
2015-09-25,2206.669921875
2015-09-28,2168.4599609375
2015-09-29,2187.679931640625
2015-09-30,2229.489990234375
2015-10-01,2228.10009765625
2015-10-02,2236.14990234375
2015-10-05,2294.22998046875
2015-10-06,2324.570068359375
2015-10-07,2350.10009765625
2015-10-08,2347.8798828125
2015-10-09,2361.800048828125
2015-10-12,2357.909912109375
2015-10-13,2314.64990234375
2015-10-14,2334.219970703125
2015-10-15,2364.830078125
2015-10-16,2386.2900390625
2015-10-19,2378.31005859375
2015-10-20,2384.2099609375
2015-10-21,2412.39990234375
2015-10-22,2461.93994140625
2015-10-23,2467.64990234375
2015-10-27,2410.679931640625
2015-10-28,2435.489990234375
2015-10-29,2422.929931640625
2015-10-30,2420.659912109375
2015-11-02,2433.52001953125
2015-11-03,2443.5400390625
2015-11-04,2432.56005859375
2015-11-05,2421.669921875
2015-11-06,2493.719970703125
2015-11-09,2476.6201171875
2015-11-10,2476.5
2015-11-11,2466.659912109375
2015-11-12,2391.5400390625
2015-11-13,2398.43994140625
2015-11-16,2401.989990234375
2015-11-17,2445.3701171875
2015-11-18,2465.1201171875
2015-11-19,2490.7900390625
2015-11-20,2483.699951171875
2015-11-23,2493.989990234375
2015-11-24,2454.010009765625
2015-11-25,2441.0
2015-11-26,2469.159912109375
2015-11-27,2473.989990234375
2015-11-30,2488.6201171875
2015-12-01,2501.60009765625
2015-12-02,2488.199951171875
2015-12-03,2453.9599609375
2015-12-04,2448.52001953125
2015-12-07,2430.35009765625
2015-12-09,2373.39990234375
2015-12-10,2387.75
2015-12-11,2339.860107421875
2015-12-14,2292.320068359375
2015-12-15,2352.429931640625
2015-12-16,2388.89990234375
2015-12-17,2366.18994140625
2015-12-18,2356.860107421875
2015-12-21,2343.5
2015-12-22,2365.0400390625
2015-12-23,2401.18994140625
2015-12-28,2395.469970703125
2015-12-29,2396.27001953125
2015-12-30,2396.93994140625
2016-01-04,2348.31005859375
2016-01-05,2362.72998046875
2016-01-07,2297.6298828125
2016-01-08,2221.090087890625
2016-01-11,2200.989990234375
2016-01-12,2216.7099609375
2016-01-13,2204.050048828125
2016-01-14,2169.89990234375
2016-01-15,2113.159912109375
2016-01-18,2070.77001953125
2016-01-19,2114.47998046875
2016-01-20,2043.4000244140625
2016-01-21,2081.760009765625
2016-01-22,2138.89990234375
2016-01-25,2138.889892578125
2016-01-26,2158.360107421875
2016-01-27,2137.9599609375
2016-01-28,2129.449951171875
2016-01-29,2162.419921875
2016-02-01,2140.9599609375
2016-02-02,2129.860107421875
2016-02-03,2092.090087890625
2016-02-04,2113.89990234375
2016-02-05,2129.93994140625
2016-02-08,2026.4000244140625
2016-02-09,1972.030029296875
2016-02-10,2001.5999755859375
2016-02-11,1957.050048828125
2016-02-12,2033.47998046875
2016-02-15,2099.27001953125
2016-02-16,2084.7099609375
2016-02-17,2162.840087890625
2016-02-18,2114.139892578125
2016-02-19,2124.840087890625
2016-02-22,2177.820068359375
2016-02-23,2134.989990234375
2016-02-24,2100.280029296875
2016-02-25,2120.0400390625
2016-02-26,2145.8798828125
2016-02-29,2154.340087890625
2016-03-01,2191.919921875
2016-03-02,2206.989990234375
2016-03-03,2211.590087890625
2016-03-04,2230.5
2016-03-07,2232.719970703125
2016-03-08,2236.969970703125
2016-03-09,2247.909912109375
2016-03-10,2228.929931640625
2016-03-11,2284.02001953125
2016-03-14,2323.530029296875
2016-03-15,2298.68994140625
2016-03-16,2299.610107421875
2016-03-17,2297.14990234375
2016-03-18,2316.800048828125
2016-03-21,2298.77001953125
2016-03-22,2292.2900390625
2016-03-23,2267.610107421875
2016-03-24,2221.419921875
2016-03-29,2228.330078125
2016-03-30,2275.080078125
2016-03-31,2270.3798828125
2016-04-01,2266.550048828125
2016-04-04,2252.860107421875
2016-04-05,2227.219970703125
2016-04-06,2239.60009765625
2016-04-07,2210.179931640625
2016-04-08,2241.169921875
2016-04-11,2246.610107421875
2016-04-12,2251.169921875
2016-04-13,2293.919921875
2016-04-14,2318.050048828125
2016-04-15,2303.64990234375
2016-04-18,2311.469970703125
2016-04-19,2338.239990234375
2016-04-20,2342.260009765625
2016-04-21,2333.510009765625
2016-04-22,2358.4599609375
2016-04-25,2320.679931640625
2016-04-26,2312.9599609375
2016-04-27,2329.9599609375
2016-04-28,2343.969970703125
2016-04-29,2329.419921875
2016-05-02,2323.18994140625
2016-05-03,2274.3798828125
2016-05-04,2240.260009765625
2016-05-06,2239.340087890625
2016-05-09,2216.5400390625
2016-05-10,2229.06005859375
2016-05-11,2215.219970703125
2016-05-12,2204.1201171875
2016-05-13,2201.7900390625
2016-05-17,2207.159912109375
2016-05-18,2211.360107421875
2016-05-19,2182.989990234375
2016-05-20,2193.1298828125
2016-05-23,2205.18994140625
2016-05-24,2240.3701171875
2016-05-25,2272.699951171875
2016-05-27,2263.510009765625
2016-05-30,2272.43994140625
2016-05-31,2260.830078125
2016-06-01,2222.1201171875
2016-06-02,2231.5400390625
2016-06-03,2215.77001953125
2016-06-06,2233.659912109375
2016-06-07,2263.840087890625
2016-06-08,2245.18994140625
2016-06-09,2235.050048828125
2016-06-10,2189.8701171875
2016-06-13,2138.389892578125
2016-06-14,2095.02001953125
2016-06-15,2124.27001953125
2016-06-16,2091.260009765625
2016-06-17,2139.81005859375
2016-06-20,2192.89990234375
2016-06-21,2200.52001953125
2016-06-22,2213.77001953125
2016-06-23,2242.110107421875
2016-06-24,2084.219970703125
2016-06-27,1988.4000244140625
2016-06-28,2027.949951171875
2016-06-29,2076.9599609375
2016-06-30,2095.9599609375
2016-07-01,2104.2099609375
2016-07-04,2082.68994140625
2016-07-05,2026.0400390625
2016-07-06,2022.9599609375
2016-07-07,2043.280029296875
2016-07-08,2074.110107421875
2016-07-11,2110.52001953125
2016-07-12,2164.2900390625
2016-07-13,2136.239990234375
2016-07-14,2211.659912109375
2016-07-15,2219.139892578125
2016-07-18,2220.010009765625
2016-07-19,2209.320068359375
2016-07-20,2222.300048828125
2016-07-21,2219.610107421875
2016-07-22,2234.75
2016-07-25,2223.72998046875
2016-07-26,2230.239990234375
2016-07-27,2242.969970703125
2016-07-28,2228.159912109375
2016-07-29,2233.43994140625
2016-08-01,2209.1298828125
2016-08-02,2180.97998046875
2016-08-03,2166.580078125
2016-08-04,2187.669921875
2016-08-05,2229.8701171875
2016-08-08,2247.389892578125
2016-08-09,2274.469970703125
2016-08-10,2267.219970703125
2016-08-11,2270.469970703125
2016-08-12,2284.530029296875
2016-08-16,2276.4599609375
2016-08-17,2251.5400390625
2016-08-18,2267.489990234375
2016-08-19,2268.199951171875
2016-08-22,2256.7900390625
2016-08-23,2289.409912109375
2016-08-24,2308.10009765625
2016-08-25,2294.300048828125
2016-08-26,2311.64990234375
2016-08-29,2317.919921875
2016-08-30,2332.52001953125
2016-08-31,2314.3798828125
2016-09-01,2334.489990234375
2016-09-02,2369.030029296875
2016-09-05,2380.590087890625
2016-09-06,2381.31005859375
2016-09-07,2394.330078125
2016-09-08,2413.449951171875
2016-09-09,2394.530029296875
2016-09-12,2375.75
2016-09-13,2356.39990234375
2016-09-14,2329.419921875
2016-09-15,2346.159912109375
2016-09-16,2320.699951171875
2016-09-19,2350.10009765625
2016-09-20,2346.360107421875
2016-09-21,2362.85009765625
2016-09-22,2403.4599609375
2016-09-23,2403.1298828125
2016-09-26,2381.419921875
2016-09-27,2371.659912109375
2016-09-28,2386.219970703125
2016-09-29,2415.159912109375
2016-09-30,2405.280029296875
2016-10-03,2405.5
2016-10-04,2417.639892578125
2016-10-05,2416.8701171875
2016-10-06,2411.0400390625
2016-10-07,2390.8798828125
2016-10-10,2407.360107421875
2016-10-11,2412.72998046875
2016-10-12,2409.530029296875
2016-10-13,2383.389892578125
2016-10-14,2418.360107421875
2016-10-17,2412.669921875
2016-10-18,2446.89990234375
2016-10-19,2446.52001953125
2016-10-20,2466.260009765625
2016-10-21,2463.9599609375
2016-10-24,2495.25
2016-10-25,2508.3701171875
2016-10-27,2507.35009765625
2016-10-28,2506.550048828125
2016-10-31,2473.75
2016-11-02,2429.0
2016-11-03,2469.199951171875
2016-11-04,2412.85009765625
2016-11-07,2432.030029296875
2016-11-08,2457.449951171875
2016-11-09,2486.52001953125
2016-11-10,2501.389892578125
2016-11-11,2485.5
2016-11-14,2492.780029296875
2016-11-15,2512.8798828125
2016-11-16,2497.409912109375
2016-11-17,2481.820068359375
2016-11-18,2480.75
2016-11-21,2487.75
2016-11-22,2516.68994140625
2016-11-23,2514.25
2016-11-24,2524.179931640625
2016-11-25,2513.60009765625
2016-11-28,2485.179931640625
2016-11-29,2495.820068359375
2016-11-30,2519.590087890625
2016-12-01,2523.419921875
2016-12-02,2501.739990234375
2016-12-05,2523.360107421875
2016-12-06,2563.580078125
2016-12-07,2592.860107421875
2016-12-09,2598.610107421875
2016-12-12,2607.260009765625
2016-12-13,2621.080078125
2016-12-14,2596.679931640625
2016-12-15,2627.489990234375
2016-12-16,2647.429931640625
2016-12-19,2624.590087890625
2016-12-20,2632.85009765625
2016-12-21,2638.280029296875
2016-12-22,2632.5
2016-12-23,2633.580078125
2016-12-27,2633.7099609375
2016-12-28,2638.47998046875
2016-12-29,2649.929931640625
2017-01-03,2685.02001953125
2017-01-04,2682.639892578125
2017-01-05,2696.300048828125
2017-01-09,2678.68994140625
2017-01-10,2659.699951171875
2017-01-11,2669.5400390625
2017-01-12,2670.610107421875
2017-01-13,2678.43994140625
2017-01-16,2668.429931640625
2017-01-17,2655.60009765625
2017-01-18,2659.2900390625
2017-01-19,2666.4599609375
2017-01-20,2684.830078125
2017-01-23,2672.8798828125
2017-01-24,2684.169921875
2017-01-25,2738.919921875
2017-01-26,2726.219970703125
2017-01-27,2733.070068359375
2017-01-30,2694.3798828125
2017-01-31,2676.429931640625
2017-02-01,2727.68994140625
2017-02-02,2729.760009765625
2017-02-03,2730.77001953125
2017-02-06,2711.989990234375
2017-02-07,2712.760009765625
2017-02-08,2706.110107421875
2017-02-09,2737.489990234375
2017-02-10,2758.989990234375
2017-02-13,2782.280029296875
2017-02-14,2792.47998046875
2017-02-15,2807.909912109375
2017-02-16,2811.35009765625
2017-02-17,2798.27001953125
2017-02-20,2805.81005859375
2017-02-21,2815.219970703125
2017-02-22,2787.10009765625
2017-02-23,2799.719970703125
2017-02-24,2752.989990234375
2017-02-28,2746.5
2017-03-01,2797.110107421875
2017-03-02,2812.469970703125
2017-03-03,2798.7900390625
2017-03-06,2791.239990234375
2017-03-07,2796.340087890625
2017-03-08,2813.72998046875
2017-03-09,2805.25
2017-03-10,2826.110107421875
2017-03-13,2836.14990234375
2017-03-14,2815.639892578125
2017-03-15,2816.77001953125
2017-03-16,2850.760009765625
2017-03-17,2841.550048828125
2017-03-20,2845.47998046875
2017-03-21,2825.139892578125
2017-03-22,2799.280029296875
2017-03-23,2823.050048828125
2017-03-24,2829.429931640625
2017-03-27,2799.1201171875
2017-03-28,2806.800048828125
2017-03-29,2836.64990234375
2017-03-30,2848.530029296875
2017-03-31,2828.7900390625
2017-04-03,2844.89990234375
2017-04-04,2860.179931640625
2017-04-05,2885.1298828125
2017-04-06,2897.080078125
2017-04-07,2908.739990234375
2017-04-10,2910.5
2017-04-11,2886.35009765625
2017-04-12,2879.31005859375
2017-04-13,2861.18994140625
2017-04-18,2830.010009765625
2017-04-19,2838.929931640625
2017-04-20,2851.030029296875
2017-04-21,2851.6298828125
2017-04-24,2939.72998046875
2017-04-25,2948.31005859375
2017-04-26,2974.659912109375
2017-04-27,2962.469970703125
2017-04-28,3010.179931640625
2017-05-02,3012.580078125
2017-05-03,2997.409912109375
2017-05-04,3036.10009765625
2017-05-05,3068.280029296875
2017-05-08,3066.639892578125
2017-05-09,3086.199951171875
2017-05-10,3075.659912109375
2017-05-11,3076.3701171875
2017-05-12,3082.110107421875
2017-05-15,3133.6201171875
2017-05-16,3146.409912109375
2017-05-17,3119.179931640625
2017-05-18,3092.260009765625
2017-05-19,3161.449951171875
2017-05-22,3193.580078125
2017-05-23,3183.1298828125
2017-05-24,3204.300048828125
2017-05-26,3209.580078125
2017-05-29,3184.449951171875
2017-05-30,3160.27001953125
2017-05-31,3123.5400390625
2017-06-01,3147.52001953125
2017-06-02,3157.72998046875
2017-06-06,3171.60009765625
2017-06-07,3182.1201171875
2017-06-08,3173.6298828125
2017-06-09,3209.27001953125
2017-06-12,3168.56005859375
2017-06-13,3173.800048828125
2017-06-14,3133.510009765625
2017-06-16,3102.18994140625
2017-06-19,3151.659912109375
2017-06-20,3098.1201171875
2017-06-21,3110.320068359375
2017-06-22,3079.840087890625
2017-06-23,3058.090087890625
2017-06-26,3087.449951171875
2017-06-27,3096.85009765625
2017-06-28,3095.110107421875
2017-06-29,3088.840087890625
2017-06-30,3106.659912109375
2017-07-03,3138.169921875
2017-07-04,3147.659912109375
2017-07-05,3144.1201171875
2017-07-06,3151.419921875
2017-07-07,3124.610107421875
2017-07-10,3152.510009765625
2017-07-11,3146.909912109375
2017-07-12,3171.81005859375
2017-07-13,3179.7900390625
2017-07-14,3182.10009765625
2017-07-17,3199.60009765625
2017-07-18,3192.10009765625
2017-07-19,3193.2900390625
2017-07-20,3198.510009765625
2017-07-21,3162.010009765625
2017-07-24,3158.64990234375
2017-07-25,3212.239990234375
2017-07-26,3243.10009765625
2017-07-27,3254.340087890625
2017-07-28,3239.72998046875
2017-07-31,3217.929931640625
2017-08-01,3241.239990234375
2017-08-02,3228.989990234375
2017-08-03,3250.77001953125
2017-08-04,3259.659912109375
2017-08-07,3278.719970703125
2017-08-08,3280.47998046875
2017-08-09,3238.590087890625
2017-08-10,3198.4599609375
2017-08-11,3162.469970703125
2017-08-14,3216.330078125
2017-08-16,3241.10009765625
2017-08-17,3218.669921875
2017-08-18,3178.1298828125
2017-08-21,3153.31005859375
2017-08-22,3176.199951171875
2017-08-23,3184.820068359375
2017-08-24,3205.090087890625
2017-08-25,3231.199951171875
2017-08-28,3203.090087890625
2017-08-29,3168.820068359375
2017-08-30,3201.429931640625
2017-08-31,3232.830078125
2017-09-01,3259.39990234375
2017-09-04,3245.219970703125
2017-09-05,3226.6298828125
2017-09-06,3218.9599609375
2017-09-07,3237.219970703125
2017-09-08,3230.330078125
2017-09-11,3260.5400390625
2017-09-12,3282.949951171875
2017-09-13,3280.409912109375
2017-09-14,3283.989990234375
2017-09-15,3266.989990234375
2017-09-18,3291.860107421875
2017-09-19,3290.4599609375
2017-09-20,3289.139892578125
2017-09-21,3296.860107421875
2017-09-22,3305.969970703125
2017-09-25,3301.110107421875
2017-09-26,3291.550048828125
2017-09-27,3291.68994140625
2017-09-28,3307.469970703125
2017-09-29,3315.969970703125
2017-10-02,3345.070068359375
2017-10-03,3345.5
2017-10-04,3309.580078125
2017-10-05,3345.5
2017-10-06,3324.409912109375
2017-10-09,3337.0400390625
2017-10-10,3321.719970703125
2017-10-11,3335.31005859375
2017-10-12,3324.75
2017-10-13,3375.800048828125
2017-10-16,3376.02001953125
2017-10-17,3373.139892578125
2017-10-18,3403.1298828125
2017-10-19,3369.0
2017-10-20,3383.14990234375
2017-10-23,3389.6201171875
2017-10-24,3386.02001953125
2017-10-25,3363.3798828125
2017-10-27,3415.3798828125
2017-10-30,3419.760009765625
2017-10-31,3406.090087890625
2017-11-02,3445.22998046875
2017-11-03,3410.25
2017-11-06,3390.300048828125
2017-11-07,3411.219970703125
2017-11-08,3412.300048828125
2017-11-09,3377.25
2017-11-10,3393.22998046875
2017-11-13,3382.85009765625
2017-11-14,3360.820068359375
2017-11-15,3339.47998046875
2017-11-16,3331.989990234375
2017-11-17,3314.699951171875
2017-11-20,3313.610107421875
2017-11-21,3327.419921875
2017-11-22,3316.1201171875
2017-11-23,3306.18994140625
2017-11-24,3328.47998046875
2017-11-27,3299.39990234375
2017-11-28,3321.139892578125
2017-11-29,3330.860107421875
2017-11-30,3344.93994140625
2017-12-01,3328.10009765625
2017-12-04,3361.610107421875
2017-12-05,3336.820068359375
2017-12-06,3314.610107421875
2017-12-07,3327.3798828125
2017-12-11,3350.56005859375
2017-12-12,3337.969970703125
2017-12-13,3304.93994140625
2017-12-14,3311.35009765625
2017-12-15,3279.239990234375
2017-12-18,3406.889892578125
2017-12-19,3420.6298828125
2017-12-20,3408.81005859375
2017-12-21,3440.02001953125
2017-12-22,3440.06005859375
2017-12-27,3428.68994140625
2017-12-28,3434.8798828125
2017-12-29,3420.139892578125
2018-01-02,3444.300048828125
2018-01-03,3487.389892578125
2018-01-04,3555.0400390625
2018-01-05,3550.8798828125
2018-01-08,3550.10009765625
2018-01-09,3558.860107421875
2018-01-10,3596.139892578125
2018-01-11,3600.93994140625
2018-01-12,3599.280029296875
2018-01-15,3604.389892578125
2018-01-16,3611.22998046875
2018-01-17,3628.080078125
2018-01-18,3628.340087890625
2018-01-19,3643.0
2018-01-22,3681.570068359375
2018-01-23,3688.780029296875
2018-01-24,3673.1201171875
2018-01-25,3652.52001953125
2018-01-26,3656.260009765625
2018-01-29,3636.6201171875
2018-01-30,3597.679931640625
2018-01-31,3594.27001953125
2018-02-01,3587.389892578125
2018-02-02,3538.1298828125
2018-02-05,3506.85009765625
2018-02-06,3408.18994140625
2018-02-07,3508.419921875
2018-02-08,3398.47998046875
2018-02-09,3354.1201171875
2018-02-12,3400.110107421875
2018-02-13,3385.6298828125
2018-02-14,3387.8701171875
2018-02-15,3392.3798828125
2018-02-16,3407.989990234375
2018-02-20,3402.9599609375
2018-02-21,3427.320068359375
2018-02-22,3417.260009765625
2018-02-23,3408.06005859375
2018-02-26,3409.93994140625
2018-02-27,3429.239990234375
2018-02-28,3476.0400390625
2018-03-01,3448.5
2018-03-02,3388.580078125
2018-03-05,3403.669921875
2018-03-06,3445.409912109375
2018-03-07,3438.0
2018-03-08,3462.8701171875
2018-03-09,3485.510009765625
2018-03-12,3483.4599609375
2018-03-13,3448.3798828125
2018-03-14,3426.18994140625
2018-03-15,3421.030029296875
2018-03-16,3443.7099609375
2018-03-19,3457.81005859375
2018-03-20,3483.68994140625
2018-03-21,3496.429931640625
2018-03-22,3437.679931640625
2018-03-23,3410.050048828125
2018-03-26,3412.510009765625
2018-03-27,3421.610107421875
2018-03-28,3428.510009765625
2018-03-29,3428.530029296875
2018-04-03,3402.43994140625
2018-04-04,3390.179931640625
2018-04-05,3482.739990234375
2018-04-10,3396.669921875
2018-04-11,3365.139892578125
2018-04-12,3421.10009765625
2018-04-13,3417.030029296875
2018-04-16,3415.5400390625
2018-04-17,3425.31005859375
2018-04-18,3448.75
2018-04-19,3475.110107421875
2018-04-20,3480.949951171875
2018-04-23,3494.7900390625
2018-04-24,3519.360107421875
2018-04-25,3443.419921875
2018-04-26,3461.0
2018-04-27,3477.340087890625
2018-04-30,3468.469970703125
2018-05-02,3475.77001953125
2018-05-03,3474.97998046875
2018-05-04,3452.7099609375
2018-05-07,3484.31005859375
2018-05-08,3459.330078125
2018-05-09,3500.159912109375
2018-05-11,3522.169921875
2018-05-14,3512.7099609375
2018-05-15,3531.050048828125
2018-05-16,3490.5
2018-05-17,3510.280029296875
2018-05-18,3485.7900390625
2018-05-22,3514.4599609375
2018-05-23,3481.840087890625
2018-05-24,3434.14990234375
2018-05-25,3405.35009765625
2018-05-29,3331.659912109375
2018-05-30,3362.4599609375
2018-06-01,3357.10009765625
2018-06-04,3333.860107421875
2018-06-05,3268.10009765625
2018-06-06,3300.43994140625
2018-06-07,3356.639892578125
2018-06-08,3349.22998046875
2018-06-11,3381.52001953125
2018-06-12,3378.18994140625
2018-06-13,3357.27001953125
2018-06-14,3375.820068359375
2018-06-15,3349.25
2018-06-18,3309.43994140625
2018-06-19,3268.60009765625
2018-06-20,3248.530029296875
2018-06-21,3246.199951171875
2018-06-22,3286.739990234375
2018-06-25,3227.56005859375
2018-06-26,3230.530029296875
2018-06-27,3264.510009765625
2018-06-28,3245.469970703125
2018-06-29,3255.9599609375
2018-07-02,3229.300048828125
2018-07-03,3224.39990234375
2018-07-04,3255.090087890625
2018-07-05,3261.669921875
2018-07-06,3268.93994140625
2018-07-09,3281.39990234375
2018-07-10,3306.820068359375
2018-07-11,3252.1298828125
2018-07-12,3273.06005859375
2018-07-13,3285.139892578125
2018-07-16,3291.320068359375
2018-07-17,3282.75
2018-07-18,3311.85009765625
2018-07-19,3302.070068359375
2018-07-20,3308.5400390625
2018-07-23,3305.68994140625
2018-07-24,3355.64990234375
2018-07-25,3364.52001953125
2018-07-26,3391.550048828125
2018-07-27,3404.72998046875
2018-07-30,3400.510009765625
2018-07-31,3421.3701171875
2018-08-01,3426.169921875
2018-08-02,3397.199951171875
2018-08-03,3417.010009765625
2018-08-06,3427.93994140625
2018-08-07,3452.0
2018-08-08,3413.550048828125
2018-08-09,3363.68994140625
2018-08-10,3326.449951171875
2018-08-13,3298.449951171875
2018-08-14,3287.280029296875
2018-08-16,3263.1298828125
2018-08-17,3264.070068359375
2018-08-20,3245.56005859375
2018-08-21,3284.639892578125
2018-08-22,3296.4599609375
2018-08-23,3290.669921875
2018-08-24,3295.070068359375
2018-08-27,3315.3701171875
2018-08-28,3329.760009765625
2018-08-29,3331.330078125
2018-08-30,3318.0400390625
2018-08-31,3299.75
2018-09-03,3313.18994140625
2018-09-04,3299.889892578125
2018-09-05,3280.43994140625
2018-09-06,3251.3798828125
2018-09-07,3262.919921875
2018-09-10,3273.739990234375
2018-09-11,3280.929931640625
2018-09-12,3306.090087890625
2018-09-13,3307.719970703125
2018-09-14,3329.080078125
2018-09-17,3324.360107421875
2018-09-18,3345.360107421875
2018-09-19,3375.2099609375
2018-09-20,3380.699951171875
2018-09-21,3368.909912109375
2018-09-24,3367.85009765625
2018-09-25,3384.43994140625
2018-09-26,3383.409912109375
2018-09-27,3374.97998046875
2018-09-28,3344.0400390625
2018-10-01,3364.97998046875
2018-10-02,3379.919921875
2018-10-03,3395.27001953125
2018-10-04,3398.580078125
2018-10-05,3368.800048828125
2018-10-08,3334.679931640625
2018-10-09,3333.780029296875
2018-10-10,3252.830078125
2018-10-11,3204.110107421875
2018-10-12,3201.1298828125
2018-10-15,3222.0400390625
2018-10-16,3274.030029296875
2018-10-17,3286.0400390625
2018-10-18,3261.780029296875
2018-10-19,3228.0400390625
2018-10-22,3222.39990234375
2018-10-23,3123.030029296875
2018-10-24,3050.469970703125
2018-10-25,3070.909912109375
2018-10-29,3073.360107421875
2018-10-30,3086.8701171875
2018-10-31,3161.090087890625
2018-11-02,3190.800048828125
2018-11-05,3177.719970703125
2018-11-06,3157.89990234375
2018-11-07,3203.530029296875
2018-11-08,3223.610107421875
2018-11-09,3198.2099609375
2018-11-12,3161.52001953125
2018-11-13,3142.5400390625
2018-11-14,3152.659912109375
2018-11-15,3135.110107421875
2018-11-16,3134.10009765625
2018-11-19,3079.300048828125
2018-11-20,3029.489990234375
2018-11-21,3075.919921875
2018-11-22,3042.89990234375
2018-11-23,3019.77001953125
2018-11-26,3033.199951171875
2018-11-27,3016.919921875
2018-11-28,3037.860107421875
2018-11-29,3066.97998046875
2018-11-30,3074.93994140625
2018-12-03,3111.25
2018-12-04,3058.050048828125
2018-12-05,3016.179931640625
2018-12-06,2917.14990234375
2018-12-07,2935.639892578125
2018-12-10,2841.820068359375
2018-12-11,2875.9599609375
2018-12-12,2928.300048828125
2018-12-13,2908.530029296875
2018-12-14,2911.9599609375
2018-12-17,2862.8701171875
2018-12-18,2888.669921875
2018-12-19,2827.360107421875
2018-12-20,2750.27001953125
2018-12-21,2714.110107421875
2018-12-27,2681.25
2018-12-28,2745.780029296875
2019-01-02,2770.85009765625
2019-01-03,2771.449951171875
2019-01-04,2858.489990234375
2019-01-07,2893.18994140625
2019-01-08,2895.0400390625
2019-01-09,2930.6298828125
2019-01-10,2922.10009765625
2019-01-11,2903.830078125
2019-01-14,2878.610107421875
2019-01-15,2892.97998046875
2019-01-16,2928.8798828125
2019-01-17,2916.919921875
2019-01-18,2987.47998046875
2019-01-21,2961.219970703125
2019-01-22,2947.699951171875
2019-01-23,2935.8798828125
2019-01-24,2939.989990234375
2019-01-25,2997.81005859375
2019-01-28,2965.760009765625
2019-01-29,2967.35009765625
2019-01-30,3000.3798828125
2019-01-31,2985.449951171875
2019-02-01,2991.050048828125
2019-02-04,2995.10009765625
2019-02-05,3017.080078125
2019-02-06,3042.840087890625
2019-02-07,3001.7099609375
2019-02-08,2963.969970703125
2019-02-12,3014.47998046875
2019-02-13,2995.27001953125
2019-02-14,2961.389892578125
2019-02-15,3023.760009765625
2019-02-18,3023.919921875
2019-02-19,3021.760009765625
2019-02-20,3061.639892578125
2019-02-21,3028.219970703125
2019-02-22,3028.659912109375
2019-02-25,3020.159912109375
2019-02-26,3019.469970703125
2019-02-27,3027.35009765625
2019-02-28,3040.919921875
2019-03-01,3061.699951171875
2019-03-04,3067.679931640625
2019-03-05,3046.070068359375
2019-03-06,3012.77001953125
2019-03-07,2974.510009765625
2019-03-08,2937.570068359375
2019-03-12,2949.5
2019-03-13,2990.35009765625
2019-03-14,3042.06005859375
2019-03-15,3041.669921875
2019-03-18,3070.739990234375
2019-03-19,3077.3798828125
2019-03-20,3065.52001953125
2019-03-21,3080.52001953125
2019-03-22,3040.409912109375
2019-03-26,3035.590087890625
2019-03-27,3038.010009765625
2019-03-28,3020.8701171875
2019-03-29,3034.0400390625
2019-04-01,3076.800048828125
2019-04-02,3093.550048828125
2019-04-03,3131.47998046875
2019-04-04,3122.64990234375
2019-04-05,3154.89990234375
2019-04-08,3110.969970703125
2019-04-09,3117.010009765625
2019-04-10,3144.139892578125
2019-04-11,3171.25
2019-04-12,3215.6298828125
2019-04-15,3248.830078125
2019-04-16,3266.75
2019-04-17,3292.340087890625
2019-04-18,3301.3798828125
2019-04-23,3297.669921875
2019-04-24,3262.080078125
2019-04-25,3244.469970703125
2019-04-30,3214.7900390625
2019-05-02,3190.85009765625
2019-05-03,3174.219970703125
2019-05-06,3135.080078125
2019-05-07,3096.820068359375
2019-05-08,3089.340087890625
2019-05-09,3016.0
2019-05-10,3050.919921875
2019-05-13,3009.800048828125
2019-05-14,3047.340087890625
2019-05-15,3044.06005859375
2019-05-16,3072.070068359375
2019-05-17,3058.5
2019-05-20,3014.949951171875
2019-05-21,3026.2099609375
2019-05-22,3008.179931640625
2019-05-23,2949.25
2019-05-24,2954.419921875
2019-05-27,2954.6298828125
2019-05-28,2949.7099609375
2019-05-29,2904.31005859375
2019-05-30,2920.8798828125
2019-05-31,2897.449951171875
2019-06-03,2898.39990234375
2019-06-04,2929.06005859375
2019-06-05,2930.449951171875
2019-06-06,2911.820068359375
2019-06-07,2934.8798828125
2019-06-11,2971.0
2019-06-12,2943.8798828125
2019-06-13,2949.330078125
2019-06-14,2940.35009765625
2019-06-18,2964.0400390625
2019-06-19,2956.64990234375
2019-06-20,2955.330078125
2019-06-21,2951.090087890625
2019-06-24,2945.409912109375
2019-06-25,2923.72998046875
2019-06-26,2946.949951171875
2019-06-27,2945.570068359375
2019-06-28,2977.679931640625
2019-07-01,3007.300048828125
2019-07-02,2985.179931640625
2019-07-03,3010.300048828125
2019-07-04,3033.02001953125
2019-07-05,3028.18994140625
2019-07-08,3023.659912109375
2019-07-09,2986.389892578125
2019-07-10,2996.050048828125
2019-07-11,2991.570068359375
2019-07-12,3001.6298828125
2019-07-15,2997.530029296875
2019-07-16,3005.969970703125
2019-07-17,2976.919921875
2019-07-18,2953.89990234375
2019-07-19,2948.8701171875
2019-07-22,2974.719970703125
2019-07-23,3017.6298828125
2019-07-24,3040.949951171875
2019-07-25,3041.72998046875
2019-07-26,3032.280029296875
2019-07-29,3012.159912109375
2019-07-30,2975.8701171875
2019-07-31,2984.93994140625
2019-08-01,2961.199951171875
2019-08-02,2946.659912109375
2019-08-05,2894.449951171875
2019-08-06,2890.18994140625
2019-08-07,2878.409912109375
2019-08-08,2898.699951171875
2019-08-09,2892.39990234375
2019-08-12,2878.52001953125
2019-08-13,2896.659912109375
2019-08-14,2848.18994140625
2019-08-16,2851.070068359375
2019-08-19,2906.6201171875
2019-08-20,2885.719970703125
2019-08-21,2943.580078125
2019-08-22,2929.77001953125
2019-08-23,2896.639892578125
2019-08-26,2897.469970703125
2019-08-27,2896.18994140625
2019-08-28,2868.31005859375
2019-08-29,2887.02001953125
2019-08-30,2911.14990234375
2019-09-02,2907.919921875
2019-09-03,2880.780029296875
2019-09-04,2908.35009765625
2019-09-05,2930.919921875
2019-09-06,2935.719970703125
2019-09-09,2956.860107421875
2019-09-10,2992.81005859375
2019-09-11,3000.2099609375
2019-09-12,3018.27001953125
2019-09-13,3032.81005859375
2019-09-16,3052.199951171875
2019-09-17,3045.469970703125
2019-09-18,3039.889892578125
2019-09-19,3069.0
2019-09-20,3068.0400390625
2019-09-23,3034.7099609375
2019-09-24,3034.14990234375
2019-09-25,2998.02001953125
2019-09-26,2997.889892578125
2019-09-27,3021.22998046875
2019-09-30,3010.610107421875
2019-10-01,2992.8701171875
2019-10-02,2924.43994140625
2019-10-03,2905.75
2019-10-04,2923.2900390625
2019-10-07,2936.18994140625
2019-10-08,2921.909912109375
2019-10-09,2916.60009765625
2019-10-10,2939.679931640625
2019-10-11,3005.639892578125
2019-10-14,3002.22998046875
2019-10-15,3032.590087890625
2019-10-16,3043.449951171875
2019-10-17,3040.18994140625
2019-10-18,3048.27001953125
2019-10-21,3084.47998046875
2019-10-22,3118.179931640625
2019-10-23,3145.699951171875
2019-10-24,3154.679931640625
2019-10-25,3154.469970703125
2019-10-28,3189.3701171875
2019-10-29,3190.52001953125
2019-10-30,3171.2099609375
2019-10-31,3139.590087890625
2019-11-01,3164.639892578125
2019-11-04,3225.409912109375
2019-11-05,3246.3701171875
2019-11-06,3224.199951171875
2019-11-07,3250.610107421875
2019-11-08,3224.169921875
2019-11-11,3227.77001953125
2019-11-12,3234.06005859375
2019-11-13,3221.699951171875
2019-11-14,3186.2900390625
2019-11-15,3189.25
2019-11-18,3157.06005859375
2019-11-19,3153.179931640625
2019-11-20,3155.1298828125
2019-11-21,3148.489990234375
2019-11-22,3174.570068359375
2019-11-25,3183.110107421875
2019-11-26,3191.669921875
2019-11-27,3183.489990234375
2019-11-28,3178.739990234375
2019-11-29,3139.820068359375
2019-12-02,3118.52001953125
2019-12-03,3092.64990234375
2019-12-04,3112.5
2019-12-05,3113.719970703125
2019-12-06,3144.5
2019-12-09,3124.090087890625
2019-12-10,3118.989990234375
2019-12-11,3123.1201171875
2019-12-12,3166.330078125
2019-12-13,3168.06005859375
2019-12-16,3199.989990234375
2019-12-17,3207.06005859375
2019-12-18,3194.52001953125
2019-12-19,3204.610107421875
2019-12-20,3210.27001953125
2019-12-23,3220.93994140625
2019-12-27,3212.5400390625
2019-12-30,3186.93994140625
2020-01-02,3229.3701171875
2020-01-03,3217.070068359375
2020-01-06,3202.739990234375
2020-01-07,3189.5
2020-01-08,3195.050048828125
2020-01-09,3203.320068359375
2020-01-10,3219.389892578125
2020-01-13,3215.75
2020-01-14,3210.219970703125
2020-01-15,3171.820068359375
2020-01-16,3174.860107421875
2020-01-17,3172.52001953125
2020-01-20,3172.35009765625
2020-01-21,3158.550048828125
2020-01-22,3154.699951171875
2020-01-23,3121.97998046875
2020-01-24,3145.449951171875
2020-01-27,3098.43994140625
2020-01-28,3119.570068359375
2020-01-29,3133.530029296875
2020-01-30,3101.47998046875
2020-01-31,3074.31005859375
2020-02-03,3056.6298828125
2020-02-04,3083.669921875
2020-02-05,3124.469970703125
2020-02-06,3142.590087890625
2020-02-07,3146.909912109375
2020-02-10,3119.10009765625
2020-02-11,3181.43994140625
2020-02-12,3204.7900390625
2020-02-13,3195.5
2020-02-14,3212.47998046875
2020-02-17,3210.10009765625
2020-02-18,3178.6201171875
2020-02-19,3198.330078125
2020-02-20,3173.840087890625
2020-02-21,3149.389892578125
2020-02-24,3040.22998046875
2020-02-25,2970.260009765625
2020-02-26,2959.840087890625
2020-02-27,2845.93994140625
2020-02-28,2787.389892578125
2020-03-02,2778.679931640625
2020-03-03,2809.580078125
2020-03-04,2798.52001953125
2020-03-05,2720.9599609375
2020-03-06,2615.56005859375
2020-03-09,2379.929931640625
2020-03-10,2361.409912109375
2020-03-11,2305.949951171875
2020-03-12,1991.219970703125
2020-03-13,2000.760009765625
2020-03-16,1791.4200439453125
2020-03-17,1768.5699462890625
2020-03-18,1630.8399658203125
2020-03-19,1705.9000244140625
2020-03-20,1889.18994140625
2020-03-23,1880.8199462890625
2020-03-24,2034.300048828125
2020-03-25,2017.9300537109375
2020-03-26,2056.489990234375
2020-03-27,1997.800048828125
2020-03-30,1989.719970703125
2020-03-31,2001.5999755859375
2020-04-01,1946.18994140625
2020-04-02,1981.6800537109375
2020-04-03,1964.93994140625
2020-04-06,2046.550048828125
2020-04-07,2126.419921875
2020-04-08,2114.340087890625
2020-04-09,2184.06005859375
2020-04-14,2201.409912109375
2020-04-15,2048.0400390625
2020-04-16,2006.75
2020-04-17,2070.070068359375
2020-04-20,2061.10009765625
2020-04-21,1994.6300048828125
2020-04-22,2039.22998046875
2020-04-23,2108.81005859375
2020-04-24,2094.1201171875
2020-04-27,2115.1298828125
2020-04-28,2164.6201171875
2020-04-29,2255.280029296875
2020-04-30,2227.14990234375
2020-05-04,2144.9599609375
2020-05-05,2197.969970703125
2020-05-06,2185.320068359375
2020-05-07,2224.570068359375
2020-05-08,2246.5
2020-05-11,2226.31005859375
2020-05-12,2200.77001953125
2020-05-13,2165.080078125
2020-05-14,2115.969970703125
2020-05-15,2130.85009765625
2020-05-18,2209.2900390625
2020-05-19,2114.219970703125
2020-05-20,2145.719970703125
2020-05-21,2099.530029296875
2020-05-22,2127.469970703125
2020-05-25,2152.7900390625
2020-05-26,2214.860107421875
2020-05-27,2250.949951171875
2020-05-28,2269.1298828125
2020-05-29,2232.300048828125
2020-06-02,2308.7900390625
2020-06-03,2366.47998046875
2020-06-04,2388.909912109375
2020-06-05,2485.0
2020-06-08,2512.679931640625
2020-06-09,2451.139892578125
2020-06-10,2386.800048828125
2020-06-11,2270.52001953125
2020-06-12,2307.56005859375
2020-06-15,2284.06005859375
2020-06-16,2350.800048828125
2020-06-17,2340.75
2020-06-18,2326.409912109375
2020-06-19,2318.60009765625
2020-06-22,2279.5
2020-06-23,2309.909912109375
2020-06-24,2227.10009765625
2020-06-25,2249.610107421875
2020-06-26,2232.39990234375
2020-06-29,2247.800048828125
2020-06-30,2246.719970703125
2020-07-01,2254.1298828125
2020-07-02,2288.330078125
2020-07-03,2272.780029296875
2020-07-06,2343.050048828125
2020-07-07,2317.360107421875
2020-07-08,2289.340087890625
2020-07-09,2266.199951171875
2020-07-10,2277.93994140625
2020-07-13,2301.699951171875
2020-07-14,2306.56005859375
2020-07-15,2332.35009765625
2020-07-16,2323.239990234375
2020-07-17,2313.300048828125
2020-07-20,2311.60009765625
2020-07-21,2338.4599609375
2020-07-22,2324.179931640625
2020-07-23,2296.8701171875
2020-07-24,2257.360107421875
2020-07-27,2247.469970703125
2020-07-28,2230.409912109375
2020-07-29,2208.050048828125
2020-07-30,2146.89990234375
2020-07-31,2123.550048828125
2020-08-03,2155.10009765625
2020-08-04,2193.159912109375
2020-08-05,2222.030029296875
2020-08-06,2193.840087890625
2020-08-07,2194.929931640625
2020-08-10,2224.1298828125
2020-08-11,2272.389892578125
2020-08-12,2287.580078125
2020-08-13,2268.739990234375
2020-08-14,2246.320068359375
2020-08-17,2224.27001953125
2020-08-18,2212.52001953125
2020-08-19,2218.889892578125
2020-08-20,2199.909912109375
2020-08-21,2194.89990234375
2020-08-24,2247.2099609375
2020-08-25,2234.56005859375
2020-08-26,2248.679931640625
2020-08-27,2228.47998046875
2020-08-28,2253.260009765625
2020-08-31,2217.050048828125
2020-09-01,2219.47998046875
2020-09-02,2216.090087890625
2020-09-03,2215.169921875
2020-09-04,2217.2900390625
2020-09-07,2251.659912109375
2020-09-08,2217.7900390625
2020-09-09,2252.360107421875
2020-09-10,2245.47998046875
2020-09-11,2232.6201171875
2020-09-14,2238.0400390625
2020-09-15,2236.85009765625
2020-09-16,2258.830078125
2020-09-17,2242.949951171875
2020-09-18,2206.239990234375
2020-09-21,2125.31005859375
2020-09-22,2130.219970703125
2020-09-23,2111.699951171875
2020-09-24,2102.419921875
2020-09-25,2083.02001953125
2020-09-28,2124.06005859375
2020-09-29,2096.030029296875
2020-09-30,2108.75
2020-10-01,2090.27001953125
2020-10-02,2100.7900390625
2020-10-05,2141.10009765625
2020-10-06,2175.10009765625
2020-10-07,2173.7900390625
2020-10-08,2212.6201171875
2020-10-09,2214.6201171875
2020-10-12,2218.8701171875
2020-10-13,2193.719970703125
2020-10-14,2210.22998046875
2020-10-15,2176.909912109375
2020-10-16,2195.320068359375
2020-10-19,2193.14990234375
2020-10-20,2194.110107421875
2020-10-21,2175.0400390625
2020-10-22,2166.409912109375
2020-10-23,2193.739990234375
2020-10-27,2114.1298828125
2020-10-28,2053.3798828125
2020-10-29,2034.18994140625
2020-10-30,2054.9599609375
2020-11-02,2083.8798828125
2020-11-03,2144.6298828125
2020-11-04,2146.510009765625
2020-11-05,2175.830078125
2020-11-06,2153.22998046875
2020-11-09,2316.969970703125
2020-11-10,2396.419921875
2020-11-11,2406.300048828125
2020-11-12,2390.580078125
2020-11-13,2410.27001953125
2020-11-16,2483.840087890625
2020-11-17,2498.300048828125
2020-11-18,2511.2900390625
2020-11-19,2502.969970703125
2020-11-20,2502.669921875
2020-11-23,2526.389892578125
2020-11-24,2570.39990234375
2020-11-25,2585.06005859375
2020-11-26,2578.89990234375
2020-11-27,2598.9599609375
2020-11-30,2553.780029296875
2020-12-01,2605.39990234375
2020-12-02,2607.60009765625
2020-12-03,2614.81005859375
2020-12-04,2656.6201171875
2020-12-07,2642.64990234375
2020-12-08,2635.409912109375
2020-12-09,2669.97998046875
2020-12-10,2653.56005859375
2020-12-11,2632.169921875
2020-12-14,2657.919921875
2020-12-15,2697.8701171875
2020-12-16,2721.669921875
2020-12-17,2723.919921875
2020-12-18,2713.68994140625
2020-12-21,2656.929931640625
2020-12-22,2707.52001953125
2020-12-23,2737.1201171875
2020-12-28,2761.7099609375
2020-12-29,2778.22998046875
2020-12-30,2780.43994140625
2021-01-04,2792.340087890625
2021-01-05,2799.699951171875
2021-01-06,2873.1201171875
2021-01-07,2947.77001953125
2021-01-08,2941.75
2021-01-11,2942.43994140625
2021-01-12,2964.179931640625
2021-01-13,2966.330078125
2021-01-14,2993.419921875
2021-01-15,2947.9599609375
2021-01-18,2989.8701171875
2021-01-19,3002.260009765625
2021-01-20,3026.590087890625
2021-01-21,3024.2099609375
2021-01-22,3002.260009765625
2021-01-25,2934.969970703125
2021-01-26,2949.260009765625
2021-01-27,2909.9599609375
2021-01-28,2908.5400390625
2021-01-29,2887.72998046875
2021-02-01,2931.14990234375
2021-02-02,2958.719970703125
2021-02-03,2972.85009765625
2021-02-04,2990.7900390625
2021-02-05,3015.139892578125
2021-02-08,3021.139892578125
2021-02-09,2999.6298828125
2021-02-10,2999.85009765625
2021-02-11,2983.1298828125
2021-02-12,2962.7099609375
2021-02-15,3014.780029296875
2021-02-16,3023.469970703125
2021-02-17,3021.43994140625
2021-02-18,2977.580078125
2021-02-19,3005.090087890625
2021-02-22,3008.9599609375
2021-02-23,3039.429931640625
2021-02-24,3070.4599609375
2021-02-25,3071.919921875
2021-02-26,3011.570068359375
2021-03-01,3076.929931640625
2021-03-02,3085.97998046875
2021-03-03,3093.7900390625
2021-03-04,3084.7900390625
2021-03-05,3082.5
2021-03-08,3132.580078125
2021-03-09,3133.260009765625
2021-03-10,3133.760009765625
2021-03-11,3147.610107421875
2021-03-12,3158.360107421875
2021-03-15,3165.02001953125
2021-03-16,3176.989990234375
2021-03-17,3153.330078125
2021-03-18,3165.02001953125
2021-03-19,3125.35009765625
2021-03-22,3109.719970703125
2021-03-23,3101.219970703125
2021-03-24,3132.340087890625
2021-03-25,3101.780029296875
2021-03-26,3145.610107421875
2021-03-29,3139.0400390625
2021-03-30,3172.8701171875
2021-03-31,3159.77001953125
2021-04-01,3197.219970703125
2021-04-06,3206.139892578125
2021-04-07,3205.469970703125
2021-04-08,3191.3798828125
2021-04-09,3188.669921875
2021-04-12,3189.820068359375
2021-04-13,3193.27001953125
2021-04-14,3205.919921875
2021-04-15,3205.77001953125
2021-04-16,3232.739990234375
2021-04-19,3227.68994140625
2021-04-20,3150.64990234375
2021-04-21,3152.22998046875
2021-04-22,3183.989990234375
2021-04-23,3217.969970703125
2021-04-26,3258.02001953125
2021-04-27,3262.60009765625
2021-04-28,3247.949951171875
2021-04-29,3262.739990234375
2021-04-30,3227.239990234375
2021-05-03,3251.75
2021-05-04,3237.64990234375
2021-05-05,3312.469970703125
2021-05-06,3310.139892578125
2021-05-07,3330.8701171875
2021-05-10,3376.389892578125
2021-05-11,3351.4599609375
2021-05-12,3366.7099609375
2021-05-13,3361.22998046875
2021-05-14,3422.4599609375
2021-05-17,3428.60009765625
2021-05-18,3445.85009765625
2021-05-19,3397.989990234375
2021-05-20,3416.14990234375
2021-05-21,3443.27001953125
2021-05-25,3442.639892578125
2021-05-26,3438.330078125
2021-05-27,3452.659912109375
2021-05-28,3464.10009765625
2021-05-31,3431.669921875
2021-06-01,3490.0400390625
2021-06-02,3506.330078125
2021-06-03,3523.590087890625
2021-06-04,3523.8798828125
2021-06-07,3552.739990234375
2021-06-08,3556.199951171875
2021-06-09,3506.5400390625
2021-06-10,3497.679931640625
2021-06-11,3514.080078125
2021-06-14,3552.780029296875
2021-06-15,3529.070068359375
2021-06-16,3525.89990234375
2021-06-17,3508.090087890625
2021-06-18,3434.22998046875
2021-06-21,3449.3701171875
2021-06-22,3453.830078125
2021-06-23,3434.070068359375
2021-06-24,3471.110107421875
2021-06-25,3481.60009765625
2021-06-28,3440.85009765625
2021-06-29,3450.860107421875
2021-06-30,3402.02001953125
2021-07-01,3471.6298828125
2021-07-02,3472.68994140625
2021-07-05,3487.760009765625
2021-07-06,3438.14990234375
2021-07-07,3438.93994140625
2021-07-08,3387.679931640625
2021-07-09,3436.429931640625
2021-07-12,3439.469970703125
2021-07-13,3432.52001953125
2021-07-14,3439.360107421875
2021-07-15,3412.699951171875
2021-07-16,3394.530029296875
2021-07-19,3322.419921875
2021-07-20,3365.840087890625
2021-07-21,3404.280029296875
2021-07-22,3414.679931640625
2021-07-23,3448.919921875
2021-07-26,3504.06005859375
2021-07-27,3485.9599609375
2021-07-28,3502.22998046875
2021-07-29,3522.159912109375
2021-07-30,3480.820068359375
2021-08-02,3508.5400390625
2021-08-03,3509.699951171875
2021-08-04,3536.820068359375
2021-08-05,3543.52001953125
2021-08-06,3572.090087890625
2021-08-09,3577.090087890625
2021-08-10,3601.8701171875
2021-08-11,3631.929931640625
2021-08-12,3634.909912109375
2021-08-13,3647.239990234375
2021-08-16,3618.0400390625
2021-08-17,3591.81005859375
2021-08-18,3636.469970703125
2021-08-19,3557.669921875
2021-08-20,3555.64990234375
2021-08-23,3587.969970703125
2021-08-24,3596.3701171875
2021-08-25,3618.22998046875
2021-08-26,3600.610107421875
2021-08-27,3609.679931640625
2021-08-30,3607.39990234375
2021-08-31,3619.68994140625
2021-09-01,3633.080078125
2021-09-02,3664.8701171875
2021-09-03,3662.06005859375
2021-09-06,3669.22998046875
2021-09-07,3670.929931640625
2021-09-08,3646.97998046875
2021-09-09,3637.699951171875
2021-09-10,3609.969970703125
2021-09-13,3660.530029296875
2021-09-14,3661.06005859375
2021-09-15,3663.080078125
2021-09-16,3650.590087890625
2021-09-17,3605.760009765625
2021-09-20,3545.669921875
2021-09-21,3560.889892578125
2021-09-22,3630.070068359375
2021-09-23,3685.6201171875
2021-09-24,3641.580078125
2021-09-27,3696.469970703125
2021-09-28,3626.989990234375
2021-09-29,3650.469970703125
2021-09-30,3658.929931640625
2021-10-01,3673.56005859375
2021-10-04,3669.469970703125
2021-10-05,3749.739990234375
2021-10-06,3687.5
2021-10-07,3680.860107421875
2021-10-08,3689.18994140625
2021-10-11,3734.3798828125
2021-10-12,3741.31005859375
2021-10-13,3724.14990234375
2021-10-14,3750.52001953125
2021-10-15,3780.419921875
2021-10-18,3781.3701171875
2021-10-19,3782.10009765625
2021-10-20,3809.760009765625
2021-10-21,3767.489990234375
2021-10-22,3779.570068359375
2021-10-25,3793.639892578125
2021-10-27,3781.14990234375
2021-10-28,3762.510009765625
2021-10-29,3721.18994140625
2021-11-01,3782.97998046875
2021-11-02,3777.9599609375
2021-11-03,3830.300048828125
2021-11-04,3845.419921875
2021-11-05,3881.929931640625
2021-11-08,3923.780029296875
2021-11-09,3905.669921875
2021-11-10,3881.0
2021-11-11,3928.280029296875
2021-11-12,3880.989990234375
2021-11-15,3872.219970703125
2021-11-16,3898.260009765625
2021-11-17,3893.8701171875
2021-11-18,3829.169921875
2021-11-19,3711.219970703125
2021-11-22,3743.7900390625
2021-11-23,3738.43994140625
2021-11-24,3774.409912109375
2021-11-25,3789.280029296875
2021-11-26,3630.85009765625
2021-11-29,3656.60009765625
2021-11-30,3661.4599609375
2021-12-01,3710.35009765625
2021-12-02,3689.989990234375
2021-12-03,3697.77001953125
2021-12-06,3745.0
2021-12-07,3822.030029296875
2021-12-08,3812.800048828125
2021-12-09,3809.530029296875
2021-12-10,3789.27001953125
2021-12-13,3745.60009765625
2021-12-14,3738.3798828125
2021-12-15,3731.429931640625
2021-12-16,3791.320068359375
2021-12-17,3772.919921875
2021-12-20,3720.080078125
2021-12-21,3823.989990234375
2021-12-22,3860.0400390625
2021-12-23,3853.56005859375
2021-12-27,3872.550048828125
2021-12-28,3870.860107421875
2021-12-29,3880.969970703125
2021-12-30,3861.06005859375
2022-01-03,3865.31005859375
2022-01-04,3957.090087890625
2022-01-05,3968.050048828125
2022-01-06,3959.030029296875
2022-01-07,3971.969970703125
2022-01-10,3924.1201171875
2022-01-11,3967.780029296875
2022-01-12,3990.9599609375
2022-01-13,3978.669921875
2022-01-14,3964.27001953125
2022-01-17,4030.7099609375
2022-01-18,3996.72998046875
2022-01-19,3979.93994140625
2022-01-20,3966.43994140625
2022-01-21,3860.25
2022-01-24,3703.010009765625
2022-01-25,3742.75
2022-01-26,3824.179931640625
2022-01-27,3865.360107421875
2022-01-28,3837.530029296875
2022-01-31,3843.030029296875
2022-02-01,3903.43994140625
2022-02-02,3939.7099609375
2022-02-03,3916.8701171875
2022-02-04,3893.570068359375
2022-02-07,3917.659912109375
2022-02-08,3952.949951171875
2022-02-09,4057.590087890625
2022-02-10,4053.139892578125
2022-02-11,4017.139892578125
2022-02-14,3890.27001953125
2022-02-15,3938.580078125
2022-02-16,3948.14990234375
2022-02-17,3884.580078125
2022-02-18,3816.10009765625
2022-02-21,3730.840087890625
2022-02-22,3668.1201171875
2022-02-23,3631.929931640625
2022-02-24,3369.820068359375
2022-02-25,3506.139892578125
2022-02-28,3388.97998046875
2022-03-01,3148.919921875
2022-03-02,3123.409912109375
2022-03-03,3155.360107421875
2022-03-04,3029.949951171875
2022-03-07,2920.2900390625
2022-03-08,2972.989990234375
2022-03-09,3185.9599609375
2022-03-10,3123.080078125
2022-03-11,3179.14990234375
2022-03-14,3227.77001953125
2022-03-15,3207.429931640625
2022-03-16,3312.219970703125
2022-03-17,3334.18994140625
2022-03-18,3361.2099609375
2022-03-21,3350.5
2022-03-22,3405.489990234375
2022-03-23,3329.68994140625
2022-03-24,3254.679931640625
2022-03-25,3267.780029296875
2022-03-28,3264.889892578125
2022-03-29,3381.669921875
2022-03-30,3353.070068359375
2022-03-31,3311.050048828125
2022-04-01,3320.360107421875
2022-04-04,3308.070068359375
2022-04-05,3252.6298828125
2022-04-06,3168.590087890625
2022-04-07,3153.989990234375
2022-04-08,3231.179931640625
2022-04-11,3199.4599609375
2022-04-12,3207.169921875
2022-04-13,3229.56005859375
2022-04-14,3259.75
2022-04-19,3259.4599609375
2022-04-20,3299.25
2022-04-21,3337.72998046875
2022-04-22,3295.159912109375
2022-04-25,3227.02001953125
2022-04-26,3194.050048828125
2022-04-27,3232.27001953125
2022-04-28,3268.89990234375
2022-04-29,3286.050048828125
2022-05-02,3236.280029296875
2022-05-03,3291.52001953125
2022-05-04,3256.739990234375
2022-05-05,3151.27001953125
2022-05-06,3120.260009765625
2022-05-09,3008.02001953125
2022-05-10,3027.739990234375
2022-05-11,3081.81005859375
2022-05-12,3033.10009765625
2022-05-13,3099.8701171875
2022-05-16,3127.68994140625
2022-05-17,3201.090087890625
2022-05-18,3199.780029296875
2022-05-19,3205.919921875
2022-05-20,3219.0400390625
2022-05-23,3277.949951171875
2022-05-24,3263.22998046875
2022-05-25,3324.7099609375
2022-05-26,3333.7099609375
2022-05-27,3343.909912109375
2022-05-30,3361.6298828125
2022-05-31,3326.4599609375
2022-06-01,3313.159912109375
2022-06-02,3342.550048828125
2022-06-03,3370.2099609375
2022-06-07,3360.830078125
2022-06-08,3363.590087890625
2022-06-09,3316.830078125
2022-06-10,3185.4599609375
2022-06-13,3122.22998046875
2022-06-14,3086.739990234375
2022-06-15,3135.780029296875
2022-06-16,3014.159912109375
2022-06-17,3011.9599609375
2022-06-20,3055.7900390625
2022-06-21,3070.820068359375
2022-06-22,3002.27001953125
2022-06-23,2915.43994140625
2022-06-24,2967.93994140625
2022-06-27,2994.139892578125
2022-06-28,3007.550048828125
2022-06-29,2948.699951171875
2022-06-30,2879.2900390625
2022-07-01,2863.340087890625
2022-07-04,2868.840087890625
2022-07-05,2779.260009765625
2022-07-06,2762.360107421875
2022-07-07,2816.360107421875
2022-07-08,2902.85009765625
2022-07-11,2868.6201171875
2022-07-12,2868.169921875
2022-07-13,2853.610107421875
2022-07-14,2813.550048828125
2022-07-15,2862.449951171875
2022-07-18,2898.81005859375
2022-07-19,2949.590087890625
2022-07-20,2936.1298828125
2022-07-21,2953.68994140625
2022-07-22,2943.530029296875
2022-07-25,2975.449951171875
2022-07-26,2962.239990234375
2022-07-27,2995.949951171875
2022-07-28,2963.639892578125
2022-07-29,3028.1298828125
2022-08-01,3016.0400390625
2022-08-02,2996.080078125
2022-08-03,3005.429931640625
2022-08-04,3033.89990234375
2022-08-05,3024.300048828125
2022-08-08,3043.800048828125
2022-08-09,3021.739990234375
2022-08-10,3061.47998046875
2022-08-11,3088.22998046875
2022-08-12,3087.5400390625
2022-08-15,3084.820068359375
2022-08-16,3101.679931640625
2022-08-17,3043.64990234375
2022-08-18,3044.7900390625
2022-08-19,3013.070068359375
2022-08-22,2954.64990234375
2022-08-23,2985.5400390625
2022-08-24,3000.56005859375
2022-08-25,2989.5400390625
2022-08-26,2949.72998046875
2022-08-29,2915.699951171875
2022-08-30,2890.159912109375
2022-08-31,2898.800048828125
2022-09-01,2810.489990234375
2022-09-02,2891.4599609375
2022-09-05,2850.659912109375
2022-09-06,2844.75
2022-09-07,2904.77001953125
2022-09-08,2938.889892578125
2022-09-09,2961.050048828125
2022-09-12,3033.27001953125
2022-09-13,2995.860107421875
2022-09-14,2966.909912109375
2022-09-15,2958.56005859375
2022-09-16,2914.360107421875
2022-09-19,2924.239990234375
2022-09-20,2870.590087890625
2022-09-21,2870.77001953125
2022-09-22,2833.199951171875
2022-09-23,2731.4599609375
2022-09-26,2721.14990234375
2022-09-27,2712.110107421875
2022-09-28,2696.919921875
2022-09-29,2647.429931640625
2022-09-30,2691.949951171875
2022-10-03,2718.06005859375
2022-10-04,2814.340087890625
2022-10-05,2797.110107421875
2022-10-06,2786.159912109375
2022-10-07,2755.780029296875
2022-10-10,2747.25
2022-10-11,2719.14990234375
2022-10-12,2684.47998046875
2022-10-13,2743.090087890625
2022-10-14,2749.820068359375
2022-10-17,2789.6298828125
2022-10-18,2796.6298828125
2022-10-19,2783.0400390625
2022-10-20,2795.7099609375
2022-10-21,2775.090087890625
2022-10-24,2820.47998046875
2022-10-25,2863.260009765625
2022-10-27,2887.320068359375
2022-10-28,2932.56005859375
2022-10-31,2936.8701171875
2022-11-01,2949.3701171875
2022-11-02,2971.590087890625
2022-11-03,2950.739990234375
2022-11-04,3091.5400390625
2022-11-07,3139.679931640625
2022-11-08,3158.7099609375
2022-11-09,3145.18994140625
2022-11-10,3178.1201171875
2022-11-11,3203.75
2022-11-14,3205.699951171875
2022-11-15,3224.429931640625
2022-11-16,3187.110107421875
2022-11-17,3175.18994140625
2022-11-18,3225.429931640625
2022-11-21,3210.260009765625
2022-11-22,3249.919921875
2022-11-23,3245.89990234375
2022-11-24,3256.2900390625
2022-11-25,3267.27001953125
2022-11-28,3208.77001953125
2022-11-29,3224.85009765625
2022-11-30,3231.489990234375
2022-12-01,3212.679931640625
2022-12-02,3207.5
2022-12-05,3211.7099609375
2022-12-06,3191.2900390625
2022-12-07,3161.419921875
2022-12-08,3160.3798828125
2022-12-09,3166.360107421875
2022-12-12,3135.429931640625
2022-12-13,3148.830078125
2022-12-14,3140.659912109375
2022-12-15,3079.72998046875
2022-12-16,3059.330078125
2022-12-19,3066.840087890625
2022-12-20,3061.219970703125
2022-12-21,3119.360107421875
2022-12-22,3117.7900390625
2022-12-23,3139.080078125
2022-12-27,3144.469970703125
2022-12-28,3122.9599609375
2022-12-29,3136.6201171875
2022-12-30,3126.389892578125
2023-01-02,3159.7099609375
2023-01-03,3197.93994140625
2023-01-04,3212.449951171875
2023-01-05,3242.39990234375
2023-01-06,3272.43994140625
2023-01-09,3271.320068359375
2023-01-10,3241.6201171875
2023-01-11,3249.8701171875
2023-01-12,3289.139892578125
2023-01-13,3290.239990234375
2023-01-16,3299.570068359375
2023-01-17,3294.719970703125
2023-01-18,3341.93994140625
2023-01-19,3279.780029296875
2023-01-20,3297.5400390625
2023-01-23,3319.590087890625
2023-01-24,3329.080078125
2023-01-25,3331.090087890625
2023-01-26,3336.75
2023-01-27,3372.679931640625
2023-01-30,3356.7099609375
2023-01-31,3383.7099609375
2023-02-01,3378.2900390625
2023-02-02,3385.64990234375
2023-02-03,3379.449951171875
2023-02-06,3354.550048828125
2023-02-07,3387.719970703125
2023-02-08,3434.81005859375
2023-02-09,3474.860107421875
2023-02-10,3443.889892578125
2023-02-13,3437.8798828125
2023-02-14,3458.360107421875
2023-02-15,3467.969970703125
2023-02-16,3500.85009765625
2023-02-17,3495.969970703125
2023-02-20,3490.409912109375
2023-02-21,3487.919921875
2023-02-22,3459.260009765625
2023-02-23,3466.60009765625
2023-02-24,3455.75
2023-02-27,3496.969970703125
2023-02-28,3547.110107421875
2023-03-01,3504.739990234375
2023-03-02,3524.5
2023-03-03,3539.75
2023-03-06,3546.64990234375
2023-03-07,3537.860107421875
2023-03-08,3557.010009765625
2023-03-09,3504.85009765625
2023-03-10,3445.679931640625
2023-03-13,3305.030029296875
2023-03-14,3360.199951171875
2023-03-15,3148.429931640625
2023-03-16,3147.43994140625
2023-03-17,3124.590087890625
2023-03-20,3140.89990234375
2023-03-21,3228.300048828125
2023-03-22,3183.340087890625
2023-03-23,3162.800048828125
2023-03-24,3024.580078125
2023-03-27,3052.280029296875
2023-03-28,3063.330078125
2023-03-29,3122.090087890625
2023-03-30,3219.179931640625
2023-03-31,3209.43994140625
2023-04-03,3235.489990234375
2023-04-04,3199.1298828125
2023-04-05,3169.719970703125
2023-04-06,3195.699951171875
2023-04-11,3232.360107421875
2023-04-12,3226.030029296875
2023-04-13,3225.830078125
2023-04-14,3258.030029296875
2023-04-17,3258.0
2023-04-18,3275.889892578125
2023-04-19,3262.320068359375
2023-04-20,3255.659912109375
2023-04-21,3254.0
2023-04-24,3259.159912109375
2023-04-25,3234.719970703125
2023-04-26,3236.010009765625
2023-04-27,3255.429931640625
2023-04-28,3258.64990234375
2023-05-02,3185.77001953125
2023-05-03,3180.679931640625
2023-05-04,3157.6298828125
2023-05-05,3216.8798828125
2023-05-08,3259.840087890625
2023-05-09,3232.570068359375
2023-05-10,3195.5400390625
2023-05-11,3181.010009765625
2023-05-12,3176.929931640625
2023-05-15,3176.22998046875
2023-05-16,3131.3798828125
2023-05-17,3139.739990234375
2023-05-18,3153.260009765625
2023-05-19,3161.590087890625
2023-05-22,3188.070068359375
2023-05-23,3184.14990234375
2023-05-24,3118.1201171875
2023-05-25,3080.3701171875
2023-05-26,3089.52001953125
2023-05-29,3081.489990234375
2023-05-30,3060.760009765625
2023-05-31,3042.610107421875
2023-06-01,3062.1298828125
2023-06-02,3138.22998046875
2023-06-05,3140.669921875
2023-06-06,3127.6201171875
2023-06-07,3138.3798828125
2023-06-08,3160.219970703125
2023-06-09,3160.72998046875
2023-06-12,3171.18994140625
2023-06-13,3184.93994140625
2023-06-14,3211.1201171875
2023-06-15,3185.169921875
2023-06-16,3184.8798828125
2023-06-19,3157.409912109375
2023-06-20,3139.64990234375
2023-06-21,3130.199951171875
2023-06-22,3091.64990234375
2023-06-23,3056.300048828125
2023-06-26,3076.679931640625
2023-06-27,3081.949951171875
2023-06-28,3097.949951171875
2023-06-29,3111.159912109375
2023-06-30,3154.909912109375
2023-07-03,3178.39990234375
2023-07-04,3205.929931640625
2023-07-05,3158.0
2023-07-06,3100.85009765625
2023-07-07,3114.60009765625
2023-07-10,3101.3701171875
2023-07-11,3110.179931640625
2023-07-12,3160.22998046875
2023-07-13,3166.35009765625
2023-07-14,3161.2099609375
2023-07-17,3156.300048828125
2023-07-18,3167.590087890625
2023-07-19,3186.52001953125
2023-07-20,3200.8701171875
2023-07-21,3212.429931640625
2023-07-24,3230.43994140625
2023-07-25,3241.449951171875
2023-07-26,3215.830078125
2023-07-27,3225.3701171875
2023-07-28,3214.550048828125
2023-07-31,3245.97998046875
2023-08-01,3227.989990234375
2023-08-02,3181.739990234375
2023-08-03,3193.320068359375
2023-08-04,3200.02001953125
2023-08-07,3206.409912109375
2023-08-08,3167.52001953125
2023-08-09,3183.659912109375
2023-08-10,3172.35009765625
2023-08-11,3147.139892578125
2023-08-14,3148.320068359375
2023-08-15,3124.52001953125
2023-08-16,3140.75
2023-08-17,3125.659912109375
2023-08-18,3117.280029296875
2023-08-21,3115.320068359375
2023-08-22,3138.510009765625
2023-08-23,3098.590087890625
2023-08-24,3094.070068359375
2023-08-25,3098.909912109375
2023-08-28,3127.469970703125
2023-08-29,3153.050048828125
2023-08-30,3168.56005859375
2023-08-31,3154.139892578125
2023-09-01,3170.81005859375
2023-09-04,3179.1298828125
2023-09-05,3193.31005859375
2023-09-06,3175.659912109375
2023-09-07,3139.93994140625
2023-09-08,3143.68994140625
2023-09-11,3149.330078125
2023-09-12,3164.300048828125
2023-09-13,3145.7099609375
2023-09-14,3189.449951171875
2023-09-15,3182.550048828125
2023-09-18,3161.840087890625
2023-09-19,3177.699951171875
2023-09-20,3211.989990234375
2023-09-21,3162.760009765625
2023-09-22,3158.909912109375
2023-09-25,3137.929931640625
2023-09-26,3116.4599609375
2023-09-27,3123.330078125
2023-09-28,3151.85009765625
2023-09-29,3168.1298828125
2023-10-02,3128.030029296875
2023-10-03,3093.889892578125
2023-10-04,3080.60009765625
2023-10-05,3091.419921875
2023-10-06,3119.97998046875
2023-10-09,3091.320068359375
2023-10-10,3150.31005859375
2023-10-11,3169.3798828125
2023-10-12,3166.27001953125
2023-10-13,3147.419921875
2023-10-16,3158.469970703125
2023-10-17,3147.330078125
2023-10-18,3105.760009765625
2023-10-19,3082.35009765625
2023-10-20,3034.47998046875
2023-10-23,3024.89990234375
2023-10-24,3031.139892578125
2023-10-25,3024.52001953125
2023-10-27,3020.719970703125
2023-10-30,3060.239990234375
2023-10-31,3085.5400390625
2023-11-01,3073.469970703125
2023-11-02,3134.840087890625
2023-11-03,3186.3701171875
2023-11-06,3199.739990234375
2023-11-07,3161.219970703125
2023-11-08,3163.0
2023-11-09,3202.050048828125
2023-11-10,3203.659912109375
2023-11-13,3228.340087890625
2023-11-14,3259.7099609375
2023-11-15,3285.52001953125
2023-11-16,3261.949951171875
2023-11-17,3274.219970703125
2023-11-20,3276.9599609375
2023-11-21,3252.760009765625
2023-11-22,3252.739990234375
2023-11-23,3251.330078125
2023-11-24,3253.64990234375
2023-11-27,3247.22998046875
2023-11-28,3267.550048828125
2023-11-29,3279.25
2023-11-30,3290.780029296875
2023-12-01,3316.679931640625
2023-12-04,3312.719970703125
2023-12-05,3312.780029296875
2023-12-06,3306.510009765625
2023-12-07,3290.18994140625
2023-12-08,3321.760009765625
2023-12-11,3305.35009765625
2023-12-12,3299.080078125
2023-12-13,3297.85009765625
2023-12-14,3356.139892578125
2023-12-15,3371.389892578125
2023-12-18,3364.360107421875
2023-12-19,3382.320068359375
2023-12-20,3397.6201171875
2023-12-21,3400.56005859375
2023-12-22,3407.659912109375
2023-12-27,3438.580078125
2023-12-28,3414.06005859375
2023-12-29,3434.969970703125
2024-01-02,3412.02001953125
2024-01-03,3377.580078125
2024-01-04,3420.169921875
2024-01-05,3430.080078125
2024-01-08,3425.550048828125
2024-01-09,3426.389892578125
2024-01-10,3421.39990234375
2024-01-11,3398.22998046875
2024-01-12,3398.610107421875
2024-01-15,3410.35009765625
2024-01-16,3383.830078125
2024-01-17,3327.0400390625
2024-01-18,3343.280029296875
2024-01-19,3344.3798828125
2024-01-22,3371.06005859375
2024-01-23,3384.409912109375
2024-01-24,3431.27001953125
2024-01-25,3437.989990234375
2024-01-26,3455.570068359375
2024-01-29,3446.9599609375
2024-01-30,3455.0
2024-01-31,3456.47998046875
2024-02-01,3450.570068359375
2024-02-02,3440.780029296875
2024-02-05,3420.010009765625
2024-02-06,3425.429931640625
2024-02-07,3378.97998046875
2024-02-08,3369.02001953125
2024-02-09,3358.949951171875
2024-02-12,3387.219970703125
2024-02-13,3368.35009765625
2024-02-14,3366.27001953125
2024-02-15,3372.090087890625
2024-02-16,3406.719970703125
2024-02-19,3393.6201171875
2024-02-20,3395.139892578125
2024-02-21,3404.679931640625
2024-02-22,3413.31005859375
2024-02-23,3384.840087890625
2024-02-26,3375.949951171875
2024-02-27,3396.570068359375
2024-02-28,3388.72998046875
2024-02-29,3348.1298828125
2024-03-01,3378.580078125
2024-03-04,3371.780029296875
2024-03-05,3370.510009765625
2024-03-06,3390.449951171875
2024-03-07,3386.0
2024-03-08,3378.5400390625
2024-03-11,3353.139892578125
2024-03-12,3364.010009765625
2024-03-13,3401.669921875
2024-03-14,3394.3798828125
2024-03-15,3410.1201171875
2024-03-18,3429.300048828125
2024-03-19,3453.8798828125
2024-03-20,3453.909912109375
2024-03-21,3483.75
2024-03-22,3499.39990234375
2024-03-25,3496.320068359375
2024-03-26,3499.1201171875
2024-03-27,3523.43994140625
2024-03-28,3535.7900390625
2024-04-02,3537.1298828125
2024-04-03,3551.06005859375
2024-04-04,3571.93994140625
2024-04-05,3566.610107421875
2024-04-08,3592.330078125
2024-04-09,3585.93994140625
2024-04-10,3565.219970703125
2024-04-11,3544.840087890625
2024-04-12,3554.820068359375
2024-04-15,3539.239990234375
2024-04-16,3497.39990234375
2024-04-17,3507.969970703125
2024-04-18,3538.3798828125
2024-04-19,3537.0
2024-04-22,3554.18994140625
2024-04-23,3580.8701171875
2024-04-24,3580.280029296875
2024-04-25,3562.389892578125
2024-04-26,3548.2900390625
2024-04-29,3564.3798828125
2024-04-30,3560.419921875
2024-05-02,3590.35009765625
2024-05-03,3590.9599609375
2024-05-06,3614.610107421875
2024-05-07,3645.840087890625
2024-05-08,3634.68994140625
2024-05-09,3671.64990234375
2024-05-10,3686.550048828125
2024-05-13,3686.610107421875
2024-05-14,3722.2900390625
2024-05-15,3711.919921875
2024-05-16,3707.7099609375
2024-05-17,3750.47998046875
2024-05-20,3764.080078125
2024-05-21,3775.489990234375
2024-05-22,3758.8701171875
2024-05-23,3767.949951171875
2024-05-24,3747.1201171875
2024-05-27,3715.27001953125
2024-05-28,3710.0400390625
2024-05-29,3651.159912109375
2024-05-30,3651.780029296875
2024-05-31,3688.3701171875
2024-06-03,3700.6201171875
2024-06-04,3642.510009765625
2024-06-05,3647.77001953125
2024-06-06,3671.93994140625
2024-06-07,3658.68994140625
2024-06-10,3652.330078125
2024-06-11,3612.889892578125
2024-06-12,3661.909912109375
2024-06-13,3603.89990234375
2024-06-14,3534.449951171875
2024-06-17,3559.340087890625
2024-06-18,3589.590087890625
2024-06-19,3595.89990234375
2024-06-20,3630.81005859375
2024-06-21,3591.60009765625
2024-06-24,3618.699951171875
2024-06-25,3612.580078125
2024-06-26,3597.64990234375
2024-06-27,3601.179931640625
2024-06-28,3609.469970703125
2024-07-01,3648.52001953125
2024-07-02,3660.10009765625
2024-07-03,3680.419921875
2024-07-04,3712.0400390625
2024-07-05,3708.610107421875
2024-07-08,3707.97998046875
2024-07-09,3650.3798828125
2024-07-10,3666.659912109375
2024-07-11,3685.639892578125
2024-07-12,3706.360107421875
2024-07-15,3684.489990234375
2024-07-16,3683.25
2024-07-17,3674.860107421875
2024-07-18,3677.820068359375
2024-07-19,3671.840087890625
2024-07-22,3686.550048828125
2024-07-23,3685.89990234375
2024-07-24,3678.7900390625
2024-07-25,3669.25
2024-07-26,3671.77001953125
2024-07-29,3663.0400390625
2024-07-30,3702.9599609375
2024-07-31,3701.0400390625
2024-08-01,3644.60009765625
2024-08-02,3527.159912109375
2024-08-05,3443.699951171875
2024-08-06,3468.360107421875
2024-08-07,3553.4599609375
2024-08-08,3544.639892578125
2024-08-09,3561.5400390625
2024-08-12,3568.199951171875
2024-08-13,3566.39990234375
2024-08-14,3597.820068359375
2024-08-15,3629.8798828125
2024-08-16,3627.330078125
2024-08-19,3666.199951171875
2024-08-20,3638.7900390625
2024-08-21,3663.080078125
2024-08-22,3653.590087890625
2024-08-23,3689.7099609375
2024-08-26,3694.81005859375
2024-08-27,3697.31005859375
2024-08-28,3700.25
2024-08-29,3706.090087890625
2024-08-30,3730.0
2024-09-02,3735.889892578125
2024-09-03,3651.56005859375
2024-09-04,3627.22998046875
2024-09-05,3644.679931640625
2024-09-06,3581.409912109375
2024-09-09,3614.8798828125
2024-09-10,3576.179931640625
2024-09-11,3552.860107421875
2024-09-12,3582.580078125
2024-09-13,3602.7900390625
2024-09-16,3595.010009765625
2024-09-17,3600.360107421875
2024-09-18,3604.8798828125
2024-09-19,3652.06005859375
2024-09-20,3615.47998046875
2024-09-23,3594.02001953125
2024-09-24,3590.1298828125
2024-09-25,3591.6298828125
2024-09-26,3617.72998046875
2024-09-27,3647.85009765625
2024-09-30,3655.090087890625
2024-10-01,3616.320068359375
2024-10-02,3613.0400390625
2024-10-03,3583.639892578125
2024-10-04,3609.239990234375
2024-10-07,3612.39990234375
2024-10-08,3576.2099609375
2024-10-09,3610.93994140625
2024-10-10,3604.22998046875
2024-10-11,3614.780029296875
2024-10-14,3597.969970703125
2024-10-15,3589.93994140625
2024-10-16,3613.320068359375
2024-10-17,3611.02001953125
2024-10-18,3627.449951171875
2024-10-21,3600.659912109375
2024-10-22,3583.3701171875
2024-10-23,3557.739990234375
2024-10-24,3549.7099609375
2024-10-25,3583.159912109375
2024-10-28,3604.550048828125
2024-10-29,3592.22998046875
2024-10-30,3545.719970703125
2024-10-31,3526.659912109375
2024-11-01,3528.60009765625
2024-11-04,3532.75
2024-11-05,3558.64990234375
2024-11-06,3515.9599609375
2024-11-07,3560.22998046875
2024-11-08,3550.159912109375
2024-11-11,3568.18994140625
2024-11-12,3501.8798828125
2024-11-13,3461.18994140625
2024-11-14,3537.909912109375
2024-11-15,3555.8701171875
2024-11-18,3570.2900390625
2024-11-19,3505.159912109375
2024-11-20,3502.280029296875
2024-11-21,3524.860107421875
2024-11-22,3532.659912109375
2024-11-25,3543.0400390625
2024-11-26,3518.18994140625
2024-11-27,3506.35009765625
2024-11-28,3528.550048828125
2024-11-29,3539.280029296875
2024-12-02,3535.5
2024-12-03,3548.570068359375
2024-12-04,3543.550048828125
2024-12-05,3574.830078125
2024-12-06,3583.68994140625
2024-12-09,3608.989990234375
2024-12-10,3628.389892578125
2024-12-11,3626.7900390625
2024-12-12,3637.52001953125
2024-12-13,3647.820068359375
2024-12-16,3623.050048828125
2024-12-17,3589.8798828125
2024-12-18,3602.139892578125
2024-12-19,3588.47998046875
2024-12-20,3589.5400390625
2024-12-23,3607.429931640625
2024-12-27,3630.47998046875
2024-12-30,3663.010009765625
