date,WIG20
2015-01-01,2309.39
2015-01-04,2264.75
2015-01-06,2307.46
2015-01-07,2361.48
2015-01-08,2337.21
2015-01-11,2330.04
2015-01-12,2367.65
2015-01-13,2336.66
2015-01-14,2265.21
2015-01-15,2252.33
2015-01-18,2255.12
2015-01-19,2242.42
2015-01-20,2287.86
2015-01-21,2319.45
2015-01-22,2319.59
2015-01-25,2307.29
2015-01-26,2309.86
2015-01-27,2319.18
2015-01-28,2340.77
2015-01-29,2341.0
2015-02-01,2330.14
2015-02-02,2335.42
2015-02-03,2341.68
2015-02-04,2341.58
2015-02-05,2354.47
2015-02-08,2339.79
2015-02-09,2340.12
2015-02-10,2323.5
2015-02-11,2338.37
2015-02-12,2346.95
2015-02-15,2362.0
2015-02-16,2360.31
2015-02-17,2346.71
2015-02-18,2348.06
2015-02-19,2348.94
2015-02-22,2365.58
2015-02-23,2363.61
2015-02-24,2354.65
2015-02-25,2361.01
2015-02-26,2367.1
2015-03-01,2358.25
2015-03-02,2323.09
2015-03-03,2338.0
2015-03-04,2355.75
2015-03-05,2345.93
2015-03-08,2344.12
2015-03-09,2312.96
2015-03-10,2325.12
2015-03-11,2329.81
2015-03-12,2303.4
2015-03-15,2311.04
2015-03-16,2330.39
2015-03-17,2344.36
2015-03-18,2384.78
2015-03-19,2407.7
2015-03-22,2414.39
2015-03-23,2412.32
2015-03-24,2395.4
2015-03-25,2376.39
2015-03-26,2373.18
2015-03-29,2396.44
2015-03-30,2395.94
2015-03-31,2392.7
2015-04-01,2400.65
2015-04-06,2420.78
2015-04-07,2424.82
2015-04-08,2441.89
2015-04-09,2443.62
2015-04-12,2442.47
2015-04-13,2434.89
2015-04-14,2475.33
2015-04-15,2503.65
2015-04-16,2463.96
2015-04-19,2505.34
2015-04-20,2509.5
2015-04-21,2520.38
2015-04-22,2522.78
2015-04-23,2519.2
2015-04-26,2549.4
2015-04-27,2548.98
2015-04-28,2521.57
2015-04-29,2514.63
2015-05-03,2523.09
2015-05-04,2507.95
2015-05-05,2524.54
2015-05-06,2522.61
2015-05-07,2546.78
2015-05-10,2535.1
2015-05-11,2542.65
2015-05-12,2540.26
2015-05-13,2513.58
2015-05-14,2514.84
2015-05-17,2523.59
2015-05-18,2523.35
2015-05-19,2521.07
2015-05-20,2524.83
2015-05-21,2516.76
2015-05-24,2473.17
2015-05-25,2448.81
2015-05-26,2460.74
2015-05-27,2441.15
2015-05-28,2437.81
2015-05-31,2437.09
2015-06-01,2408.73
2015-06-02,2388.93
2015-06-04,2365.58
2015-06-07,2354.26
2015-06-08,2338.65
2015-06-09,2384.49
2015-06-10,2383.87
2015-06-11,2358.73
2015-06-14,2358.03
2015-06-15,2356.77
2015-06-16,2321.39
2015-06-17,2334.36
2015-06-18,2299.35
2015-06-21,2350.09
2015-06-22,2341.26
2015-06-23,2348.97
2015-06-24,2354.74
2015-06-25,2333.82
2015-06-28,2291.23
2015-06-29,2317.84
2015-06-30,2293.03
2015-07-01,2294.37
2015-07-02,2278.17
2015-07-05,2272.09
2015-07-06,2218.64
2015-07-07,2216.39
2015-07-08,2230.65
2015-07-09,2270.84
2015-07-12,2269.0
2015-07-13,2259.98
2015-07-14,2257.62
2015-07-15,2298.54
2015-07-16,2285.03
2015-07-19,2244.63
2015-07-20,2249.67
2015-07-21,2185.83
2015-07-22,2200.84
2015-07-23,2187.67
2015-07-26,2189.08
2015-07-27,2194.24
2015-07-28,2212.02
2015-07-29,2188.92
2015-07-30,2227.51
2015-08-02,2230.28
2015-08-03,2227.98
2015-08-04,2258.62
2015-08-05,2196.22
2015-08-06,2196.78
2015-08-09,2222.25
2015-08-10,2219.57
2015-08-11,2200.08
2015-08-12,2224.74
2015-08-13,2198.22
2015-08-16,2174.11
2015-08-17,2169.59
2015-08-18,2192.14
2015-08-19,2200.86
2015-08-20,2179.73
2015-08-23,2056.38
2015-08-24,2070.56
2015-08-25,2074.49
2015-08-26,2117.83
2015-08-27,2145.12
2015-08-30,2163.71
2015-08-31,2115.75
2015-09-01,2107.58
2015-09-02,2155.07
2015-09-03,2146.47
2015-09-06,2132.36
2015-09-07,2135.15
2015-09-08,2142.53
2015-09-09,2184.96
2015-09-10,2185.46
2015-09-13,2183.05
2015-09-14,2185.88
2015-09-15,2181.8
2015-09-16,2199.46
2015-09-17,2168.19
2015-09-20,2178.27
2015-09-21,2137.88
2015-09-22,2106.8
2015-09-23,2082.95
2015-09-24,2091.73
2015-09-27,2059.41
2015-09-28,2043.0
2015-09-29,2066.37
2015-09-30,2049.93
2015-10-01,2036.32
2015-10-04,2088.27
2015-10-05,2102.87
2015-10-06,2110.39
2015-10-07,2126.48
2015-10-08,2143.28
2015-10-11,2133.56
2015-10-12,2123.43
2015-10-13,2118.97
2015-10-14,2136.42
2015-10-15,2121.94
2015-10-18,2111.04
2015-10-19,2116.81
2015-10-20,2105.65
2015-10-21,2106.27
2015-10-22,2107.43
2015-10-25,2110.74
2015-10-26,2113.06
2015-10-27,2105.63
2015-10-28,2059.34
2015-10-29,2060.03
2015-11-01,2077.09
2015-11-02,2061.38
2015-11-03,2063.08
2015-11-04,2041.24
2015-11-05,2019.78
2015-11-08,2012.97
2015-11-09,2021.92
2015-11-11,2013.67
2015-11-12,1978.87
2015-11-15,1971.43
2015-11-16,2007.62
2015-11-17,2023.98
2015-11-18,2009.73
2015-11-19,2021.99
2015-11-22,1982.57
2015-11-23,1943.99
2015-11-24,1943.3
2015-11-25,1963.89
2015-11-26,1936.05
2015-11-29,1925.72
2015-11-30,1923.94
2015-12-01,1886.5
2015-12-02,1867.96
2015-12-03,1868.24
2015-12-06,1864.92
2015-12-07,1814.88
2015-12-08,1773.21
2015-12-09,1798.86
2015-12-10,1757.37
2015-12-13,1754.74
2015-12-14,1771.99
2015-12-15,1803.68
2015-12-16,1840.57
2015-12-17,1858.87
2015-12-20,1866.19
2015-12-21,1873.78
2015-12-22,1879.75
2015-12-27,1876.33
2015-12-28,1893.32
2015-12-29,1859.15
2016-01-03,1804.42
2016-01-04,1792.01
2016-01-06,1745.46
2016-01-07,1725.14
2016-01-10,1703.78
2016-01-11,1750.51
2016-01-12,1772.48
2016-01-13,1776.96
2016-01-14,1734.87
2016-01-17,1679.22
2016-01-18,1692.52
2016-01-19,1674.57
2016-01-20,1683.81
2016-01-21,1727.22
2016-01-24,1729.62
2016-01-25,1713.36
2016-01-26,1728.84
2016-01-27,1755.39
2016-01-28,1780.25
2016-01-31,1777.54
2016-02-01,1731.64
2016-02-02,1739.08
2016-02-03,1788.65
2016-02-04,1790.87
2016-02-07,1769.71
2016-02-08,1767.45
2016-02-09,1760.99
2016-02-10,1758.93
2016-02-11,1765.53
2016-02-14,1787.98
2016-02-15,1783.93
2016-02-16,1847.95
2016-02-17,1853.76
2016-02-18,1841.06
2016-02-21,1859.73
2016-02-22,1844.96
2016-02-23,1818.37
2016-02-24,1838.17
2016-02-25,1844.57
2016-02-28,1824.08
2016-02-29,1825.07
2016-03-01,1825.15
2016-03-02,1877.15
2016-03-03,1873.51
2016-03-06,1895.41
2016-03-07,1876.49
2016-03-08,1878.59
2016-03-09,1887.31
2016-03-10,1910.87
2016-03-13,1913.83
2016-03-14,1906.08
2016-03-15,1905.69
2016-03-16,1944.21
2016-03-17,1961.97
2016-03-20,1952.63
2016-03-21,1962.98
2016-03-22,1935.61
2016-03-23,1936.19
2016-03-28,1953.84
2016-03-29,1999.93
2016-03-30,1997.69
2016-03-31,1973.24
2016-04-03,1986.14
2016-04-04,1933.84
2016-04-05,1919.59
2016-04-06,1905.1
2016-04-07,1919.42
2016-04-10,1914.22
2016-04-11,1907.72
2016-04-12,1944.36
2016-04-13,1951.75
2016-04-14,1939.95
2016-04-17,1946.34
2016-04-18,1964.84
2016-04-19,1962.88
2016-04-20,1950.38
2016-04-21,1943.03
2016-04-24,1925.34
2016-04-25,1916.35
2016-04-26,1892.48
2016-04-27,1897.98
2016-04-28,1896.64
2016-05-01,1899.72
2016-05-03,1865.25
2016-05-04,1837.71
2016-05-05,1852.71
2016-05-08,1848.45
2016-05-09,1825.17
2016-05-10,1818.02
2016-05-11,1816.09
2016-05-12,1815.38
2016-05-15,1853.78
2016-05-16,1846.5
2016-05-17,1841.84
2016-05-18,1799.9
2016-05-19,1806.38
2016-05-22,1818.97
2016-05-23,1831.15
2016-05-24,1849.27
2016-05-26,1839.22
2016-05-29,1841.79
2016-05-30,1808.24
2016-05-31,1759.49
2016-06-01,1762.28
2016-06-02,1793.43
2016-06-05,1797.27
2016-06-06,1832.79
2016-06-07,1843.85
2016-06-08,1814.14
2016-06-09,1782.02
2016-06-12,1780.01
2016-06-13,1762.61
2016-06-14,1772.91
2016-06-15,1733.48
2016-06-16,1754.45
2016-06-19,1793.83
2016-06-20,1802.61
2016-06-21,1823.03
2016-06-22,1853.71
2016-06-23,1769.67
2016-06-26,1732.19
2016-06-27,1751.81
2016-06-28,1756.2
2016-06-29,1750.69
2016-06-30,1744.56
2016-07-03,1724.5
2016-07-04,1715.95
2016-07-05,1689.92
2016-07-06,1713.51
2016-07-07,1705.43
2016-07-10,1745.43
2016-07-11,1754.38
2016-07-12,1744.15
2016-07-13,1745.34
2016-07-14,1759.41
2016-07-17,1788.12
2016-07-18,1792.47
2016-07-19,1800.41
2016-07-20,1803.68
2016-07-21,1792.97
2016-07-24,1814.75
2016-07-25,1803.96
2016-07-26,1797.63
2016-07-27,1788.51
2016-07-28,1759.74
2016-07-31,1762.12
2016-08-01,1803.63
2016-08-02,1790.09
2016-08-03,1820.24
2016-08-04,1825.45
2016-08-07,1837.05
2016-08-08,1847.15
2016-08-09,1852.54
2016-08-10,1864.7
2016-08-11,1857.7
2016-08-15,1846.86
2016-08-16,1824.4
2016-08-17,1821.01
2016-08-18,1800.17
2016-08-21,1800.34
2016-08-22,1790.6
2016-08-23,1786.32
2016-08-24,1781.68
2016-08-25,1775.9
2016-08-28,1777.35
2016-08-29,1798.23
2016-08-30,1793.56
2016-08-31,1761.68
2016-09-01,1767.55
2016-09-04,1788.02
2016-09-05,1790.83
2016-09-06,1810.02
2016-09-07,1793.48
2016-09-08,1754.12
2016-09-11,1731.37
2016-09-12,1727.69
2016-09-13,1736.68
2016-09-14,1745.97
2016-09-15,1734.26
2016-09-18,1749.78
2016-09-19,1755.59
2016-09-20,1758.47
2016-09-21,1776.22
2016-09-22,1762.48
2016-09-25,1740.05
2016-09-26,1732.81
2016-09-27,1734.59
2016-09-28,1730.45
2016-09-29,1709.51
2016-10-02,1725.44
2016-10-03,1754.04
2016-10-04,1762.23
2016-10-05,1761.9
2016-10-06,1751.72
2016-10-09,1765.95
2016-10-10,1757.04
2016-10-11,1760.43
2016-10-12,1727.55
2016-10-13,1719.64
2016-10-16,1714.2
2016-10-17,1721.21
2016-10-18,1744.53
2016-10-19,1748.99
2016-10-20,1752.25
2016-10-23,1782.79
2016-10-24,1785.59
2016-10-25,1779.73
2016-10-26,1795.33
2016-10-27,1817.79
2016-10-30,1814.66
2016-11-01,1765.62
2016-11-02,1767.37
2016-11-03,1758.22
2016-11-06,1761.79
2016-11-07,1783.22
2016-11-08,1790.66
2016-11-09,1796.75
2016-11-13,1753.86
2016-11-14,1754.02
2016-11-15,1758.54
2016-11-16,1742.39
2016-11-17,1725.74
2016-11-20,1756.35
2016-11-21,1775.66
2016-11-22,1796.63
2016-11-23,1807.27
2016-11-24,1796.3
2016-11-27,1776.3
2016-11-28,1780.04
2016-11-29,1798.22
2016-11-30,1783.94
2016-12-01,1783.57
2016-12-04,1845.66
2016-12-05,1876.56
2016-12-06,1889.51
2016-12-07,1921.08
2016-12-08,1899.76
2016-12-11,1882.58
2016-12-12,1919.49
2016-12-13,1934.87
2016-12-14,1911.16
2016-12-15,1918.54
2016-12-18,1924.67
2016-12-19,1940.46
2016-12-20,1927.9
2016-12-21,1943.73
2016-12-22,1933.6
2016-12-26,1936.72
2016-12-27,1932.75
2016-12-28,1946.32
2016-12-29,1947.92
2017-01-01,1956.72
2017-01-02,1989.64
2017-01-03,1999.93
2017-01-04,1998.76
2017-01-08,2009.19
2017-01-09,2023.64
2017-01-10,2030.64
2017-01-11,2022.95
2017-01-12,2015.89
2017-01-15,2025.25
2017-01-16,2015.28
2017-01-17,2005.65
2017-01-18,2015.47
2017-01-19,2006.01
2017-01-22,1991.36
2017-01-23,2013.17
2017-01-24,2079.15
2017-01-25,2080.4
2017-01-26,2084.05
2017-01-29,2051.49
2017-01-30,2056.83
2017-01-31,2079.1
2017-02-01,2065.14
2017-02-02,2076.12
2017-02-05,2089.61
2017-02-06,2086.54
2017-02-07,2083.65
2017-02-08,2132.4
2017-02-09,2154.79
2017-02-12,2179.66
2017-02-13,2173.76
2017-02-14,2184.33
2017-02-15,2215.36
2017-02-16,2188.3
2017-02-19,2192.79
2017-02-20,2248.52
2017-02-21,2251.02
2017-02-22,2256.01
2017-02-23,2212.04
2017-02-26,2210.26
2017-02-27,2191.25
2017-02-28,2253.96
2017-03-01,2254.51
2017-03-02,2232.98
2017-03-05,2217.41
2017-03-06,2200.98
2017-03-07,2213.24
2017-03-08,2189.66
2017-03-09,2200.03
2017-03-12,2242.55
2017-03-13,2238.38
2017-03-14,2229.87
2017-03-15,2283.7
2017-03-16,2296.97
2017-03-19,2281.45
2017-03-20,2252.57
2017-03-21,2223.84
2017-03-22,2235.33
2017-03-23,2234.82
2017-03-26,2201.88
2017-03-27,2225.41
2017-03-28,2214.45
2017-03-29,2209.1
2017-03-30,2175.96
2017-04-02,2219.88
2017-04-03,2239.3
2017-04-04,2253.64
2017-04-05,2254.47
2017-04-06,2248.33
2017-04-09,2244.02
2017-04-10,2221.82
2017-04-11,2214.06
2017-04-12,2233.63
2017-04-17,2237.36
2017-04-18,2274.69
2017-04-19,2285.82
2017-04-20,2264.07
2017-04-23,2296.9
2017-04-24,2353.17
2017-04-25,2383.97
2017-04-26,2382.78
2017-04-27,2376.87
2017-05-01,2392.09
2017-05-03,2381.0
2017-05-04,2382.17
2017-05-07,2374.23
2017-05-08,2413.53
2017-05-09,2380.25
2017-05-10,2364.93
2017-05-11,2368.5
2017-05-14,2377.15
2017-05-15,2340.34
2017-05-16,2302.21
2017-05-17,2295.14
2017-05-18,2328.7
2017-05-21,2343.13
2017-05-22,2307.84
2017-05-23,2324.99
2017-05-24,2358.41
2017-05-25,2326.28
2017-05-28,2323.58
2017-05-29,2292.27
2017-05-30,2281.18
2017-05-31,2278.26
2017-06-01,2303.21
2017-06-04,2276.01
2017-06-05,2303.68
2017-06-06,2308.64
2017-06-07,2340.23
2017-06-08,2330.72
2017-06-11,2295.01
2017-06-12,2302.41
2017-06-13,2295.99
2017-06-15,2304.5
2017-06-18,2334.27
2017-06-19,2302.83
2017-06-20,2319.13
2017-06-21,2308.16
2017-06-22,2304.48
2017-06-25,2337.69
2017-06-26,2345.05
2017-06-27,2327.68
2017-06-28,2329.26
2017-06-29,2299.8
2017-07-02,2323.74
2017-07-03,2294.27
2017-07-04,2307.49
2017-07-05,2300.74
2017-07-06,2295.82
2017-07-09,2300.66
2017-07-10,2297.73
2017-07-11,2341.54
2017-07-12,2350.83
2017-07-13,2350.43
2017-07-16,2372.17
2017-07-17,2360.75
2017-07-18,2374.31
2017-07-19,2358.5
2017-07-20,2343.1
2017-07-23,2334.69
2017-07-24,2341.36
2017-07-25,2360.26
2017-07-26,2350.91
2017-07-27,2360.42
2017-07-30,2374.17
2017-07-31,2386.4
2017-08-01,2366.06
2017-08-02,2365.48
2017-08-03,2380.16
2017-08-06,2388.21
2017-08-07,2425.02
2017-08-08,2408.11
2017-08-09,2382.67
2017-08-10,2371.72
2017-08-13,2376.66
2017-08-15,2381.18
2017-08-16,2353.18
2017-08-17,2359.87
2017-08-20,2377.28
2017-08-21,2387.24
2017-08-22,2391.06
2017-08-23,2456.27
2017-08-24,2471.74
2017-08-27,2531.31
2017-08-28,2497.58
2017-08-29,2524.57
2017-08-30,2516.26
2017-08-31,2527.62
2017-09-03,2519.42
2017-09-04,2517.45
2017-09-05,2512.4
2017-09-06,2491.79
2017-09-07,2483.58
2017-09-10,2513.44
2017-09-11,2505.88
2017-09-12,2500.16
2017-09-13,2507.43
2017-09-14,2498.32
2017-09-17,2501.75
2017-09-18,2502.81
2017-09-19,2499.63
2017-09-20,2468.72
2017-09-21,2480.73
2017-09-24,2453.15
2017-09-25,2443.34
2017-09-26,2433.82
2017-09-27,2427.04
2017-09-28,2453.46
2017-10-01,2469.58
2017-10-02,2469.51
2017-10-03,2444.19
2017-10-04,2463.45
2017-10-05,2479.46
2017-10-08,2499.35
2017-10-09,2516.49
2017-10-10,2551.78
2017-10-11,2537.69
2017-10-12,2528.16
2017-10-15,2534.52
2017-10-16,2514.36
2017-10-17,2502.34
2017-10-18,2467.49
2017-10-19,2465.51
2017-10-22,2473.42
2017-10-23,2448.45
2017-10-24,2449.89
2017-10-25,2456.17
2017-10-26,2488.5
2017-10-29,2517.03
2017-10-30,2524.9
2017-11-01,2501.4
2017-11-02,2494.52
2017-11-05,2515.34
2017-11-06,2536.37
2017-11-07,2513.34
2017-11-08,2478.21
2017-11-09,2457.62
2017-11-12,2454.6
2017-11-13,2464.35
2017-11-14,2418.96
2017-11-15,2411.11
2017-11-16,2443.83
2017-11-19,2468.09
2017-11-20,2489.08
2017-11-21,2489.5
2017-11-22,2503.93
2017-11-23,2479.25
2017-11-26,2497.15
2017-11-27,2485.71
2017-11-28,2436.24
2017-11-29,2408.69
2017-11-30,2389.92
2017-12-03,2404.15
2017-12-04,2407.72
2017-12-05,2394.67
2017-12-06,2393.34
2017-12-07,2408.83
2017-12-10,2386.93
2017-12-11,2413.68
2017-12-12,2409.46
2017-12-13,2434.61
2017-12-14,2416.95
2017-12-17,2466.08
2017-12-18,2455.99
2017-12-19,2459.33
2017-12-20,2463.59
2017-12-21,2445.65
2017-12-26,2480.63
2017-12-27,2480.25
2017-12-28,2461.21
2018-01-02,2463.25
2018-01-03,2533.17
2018-01-04,2529.55
2018-01-07,2548.61
2018-01-08,2528.38
2018-01-09,2511.27
2018-01-10,2534.56
2018-01-11,2539.29
2018-01-14,2542.65
2018-01-15,2591.1
2018-01-16,2600.37
2018-01-17,2591.22
2018-01-18,2601.82
2018-01-21,2620.87
2018-01-22,2630.37
2018-01-23,2621.59
2018-01-24,2589.3
2018-01-25,2600.48
2018-01-28,2593.4
2018-01-29,2566.14
2018-01-30,2553.81
2018-01-31,2534.21
2018-02-01,2507.24
2018-02-04,2505.98
2018-02-05,2412.03
2018-02-06,2441.67
2018-02-07,2406.48
2018-02-08,2382.79
2018-02-11,2414.41
2018-02-12,2431.67
2018-02-13,2449.79
2018-02-14,2423.57
2018-02-15,2406.96
2018-02-18,2408.49
2018-02-19,2413.23
2018-02-20,2405.47
2018-02-21,2410.69
2018-02-22,2406.11
2018-02-25,2408.63
2018-02-26,2421.51
2018-02-27,2364.32
2018-02-28,2334.96
2018-03-01,2314.23
2018-03-04,2330.1
2018-03-05,2339.51
2018-03-06,2359.57
2018-03-07,2322.09
2018-03-08,2354.54
2018-03-11,2378.72
2018-03-12,2353.02
2018-03-13,2335.97
2018-03-14,2321.87
2018-03-15,2285.08
2018-03-18,2248.53
2018-03-19,2272.09
2018-03-20,2320.77
2018-03-21,2274.1
2018-03-22,2257.22
2018-03-25,2240.65
2018-03-26,2246.32
2018-03-27,2203.7
2018-03-28,2210.38
2018-04-02,2239.15
2018-04-03,2200.99
2018-04-04,2243.58
2018-04-05,2258.8
2018-04-08,2262.16
2018-04-09,2274.81
2018-04-10,2271.93
2018-04-11,2306.44
2018-04-12,2310.32
2018-04-15,2300.2
2018-04-16,2307.95
2018-04-17,2315.5
2018-04-18,2324.73
2018-04-19,2298.2
2018-04-22,2291.59
2018-04-23,2269.06
2018-04-24,2257.0
2018-04-25,2283.15
2018-04-26,2276.41
2018-04-29,2291.87
2018-05-01,2291.92
2018-05-03,2233.35
2018-05-06,2214.36
2018-05-07,2236.4
2018-05-08,2281.12
2018-05-09,2302.71
2018-05-10,2329.36
2018-05-13,2321.09
2018-05-14,2276.45
2018-05-15,2275.91
2018-05-16,2255.78
2018-05-17,2230.32
2018-05-20,2268.39
2018-05-21,2248.71
2018-05-22,2209.32
2018-05-23,2213.26
2018-05-24,2213.24
2018-05-27,2217.87
2018-05-28,2191.95
2018-05-29,2157.07
2018-05-31,2190.26
2018-06-03,2210.1
2018-06-04,2255.95
2018-06-05,2256.67
2018-06-06,2270.75
2018-06-07,2250.06
2018-06-10,2234.52
2018-06-11,2252.39
2018-06-12,2238.94
2018-06-13,2238.39
2018-06-14,2203.01
2018-06-17,2150.98
2018-06-18,2120.75
2018-06-19,2154.18
2018-06-20,2150.91
2018-06-21,2162.88
2018-06-24,2155.9
2018-06-25,2153.4
2018-06-26,2143.25
2018-06-27,2098.75
2018-06-28,2135.47
2018-07-01,2119.31
2018-07-02,2160.24
2018-07-03,2182.51
2018-07-04,2156.59
2018-07-05,2152.06
2018-07-08,2151.7
2018-07-09,2177.67
2018-07-10,2154.28
2018-07-11,2161.2
2018-07-12,2157.14
2018-07-15,2133.98
2018-07-16,2153.21
2018-07-17,2149.12
2018-07-18,2146.82
2018-07-19,2182.92
2018-07-22,2204.53
2018-07-23,2244.27
2018-07-24,2260.7
2018-07-25,2304.67
2018-07-26,2290.77
2018-07-29,2327.77
2018-07-30,2302.13
2018-07-31,2315.48
2018-08-01,2283.94
2018-08-02,2286.92
2018-08-05,2295.82
2018-08-06,2304.11
2018-08-07,2307.12
2018-08-08,2324.73
2018-08-09,2247.15
2018-08-12,2260.88
2018-08-13,2272.73
2018-08-15,2262.1
2018-08-16,2217.74
2018-08-19,2236.08
2018-08-20,2281.02
2018-08-21,2295.63
2018-08-22,2322.86
2018-08-23,2312.7
2018-08-26,2369.97
2018-08-27,2390.42
2018-08-28,2380.68
2018-08-29,2353.92
2018-08-30,2337.96
2018-09-02,2355.67
2018-09-03,2321.24
2018-09-04,2295.51
2018-09-05,2293.01
2018-09-06,2257.3
2018-09-09,2270.83
2018-09-10,2248.35
2018-09-11,2210.16
2018-09-12,2233.46
2018-09-13,2232.07
2018-09-16,2210.99
2018-09-17,2231.04
2018-09-18,2259.1
2018-09-19,2258.63
2018-09-20,2257.47
2018-09-23,2280.6
2018-09-24,2290.19
2018-09-25,2304.45
2018-09-26,2315.07
2018-09-27,2285.11
2018-09-30,2284.01
2018-10-01,2280.04
2018-10-02,2298.2
2018-10-03,2275.65
2018-10-04,2264.2
2018-10-07,2224.13
2018-10-08,2251.32
2018-10-09,2197.34
2018-10-10,2159.88
2018-10-11,2186.62
2018-10-14,2170.05
2018-10-15,2216.8
2018-10-16,2199.53
2018-10-17,2188.1
2018-10-18,2196.99
2018-10-21,2193.08
2018-10-22,2147.81
2018-10-23,2144.4
2018-10-24,2142.69
2018-10-25,2082.77
2018-10-28,2103.72
2018-10-29,2122.73
2018-10-30,2151.88
2018-11-01,2197.68
2018-11-04,2233.74
2018-11-05,2230.34
2018-11-06,2276.65
2018-11-07,2262.84
2018-11-08,2232.25
2018-11-12,2217.97
2018-11-13,2231.9
2018-11-14,2202.91
2018-11-15,2165.46
2018-11-18,2189.73
2018-11-19,2160.57
2018-11-20,2219.62
2018-11-21,2236.35
2018-11-22,2225.39
2018-11-25,2213.57
2018-11-26,2222.85
2018-11-27,2264.51
2018-11-28,2303.37
2018-11-29,2291.08
2018-12-02,2329.37
2018-12-03,2344.91
2018-12-04,2354.54
2018-12-05,2294.34
2018-12-06,2281.54
2018-12-09,2242.1
2018-12-10,2221.37
2018-12-11,2275.15
2018-12-12,2310.66
2018-12-13,2303.41
2018-12-16,2281.87
2018-12-17,2315.18
2018-12-18,2342.81
2018-12-19,2306.68
2018-12-20,2259.77
2018-12-26,2251.38
2018-12-27,2276.63
2019-01-01,2301.62
2019-01-02,2247.22
2019-01-03,2284.95
2019-01-06,2331.45
2019-01-07,2325.19
2019-01-08,2341.84
2019-01-09,2335.31
2019-01-10,2335.1
2019-01-13,2327.66
2019-01-14,2344.56
2019-01-15,2364.17
2019-01-16,2358.97
2019-01-17,2377.87
2019-01-20,2358.3
2019-01-21,2359.23
2019-01-22,2407.09
2019-01-23,2406.38
2019-01-24,2398.74
2019-01-27,2370.62
2019-01-28,2373.3
2019-01-29,2357.79
2019-01-30,2380.11
2019-01-31,2393.43
2019-02-03,2390.46
2019-02-04,2409.32
2019-02-05,2414.41
2019-02-06,2371.33
2019-02-07,2354.11
2019-02-10,2354.28
2019-02-11,2370.99
2019-02-12,2346.39
2019-02-13,2319.92
2019-02-14,2338.2
2019-02-17,2325.67
2019-02-18,2322.41
2019-02-19,2369.7
2019-02-20,2339.85
2019-02-21,2355.77
2019-02-24,2371.69
2019-02-25,2365.93
2019-02-26,2333.81
2019-02-27,2332.23
2019-02-28,2333.11
2019-03-03,2328.05
2019-03-04,2321.32
2019-03-05,2327.16
2019-03-06,2308.48
2019-03-07,2298.97
2019-03-10,2300.22
2019-03-11,2310.1
2019-03-12,2314.79
2019-03-13,2319.28
2019-03-14,2346.25
2019-03-17,2345.84
2019-03-18,2352.42
2019-03-19,2351.83
2019-03-20,2359.02
2019-03-21,2319.1
2019-03-24,2312.79
2019-03-25,2324.91
2019-03-26,2315.17
2019-03-27,2313.77
2019-03-28,2312.09
2019-03-31,2340.74
2019-04-01,2371.14
2019-04-02,2407.63
2019-04-03,2388.59
2019-04-04,2351.08
2019-04-07,2359.52
2019-04-08,2367.84
2019-04-09,2391.8
2019-04-10,2374.97
2019-04-11,2366.71
2019-04-14,2358.19
2019-04-15,2372.18
2019-04-16,2378.31
2019-04-17,2365.36
2019-04-22,2370.63
2019-04-23,2372.33
2019-04-24,2358.76
2019-04-25,2372.25
2019-04-28,2368.08
2019-04-29,2334.21
2019-05-01,2319.08
2019-05-05,2290.13
2019-05-06,2233.8
2019-05-07,2221.82
2019-05-08,2179.4
2019-05-09,2191.91
2019-05-12,2172.97
2019-05-13,2163.94
2019-05-14,2169.18
2019-05-15,2188.43
2019-05-16,2184.35
2019-05-19,2175.51
2019-05-20,2190.93
2019-05-21,2214.36
2019-05-22,2173.09
2019-05-23,2188.2
2019-05-26,2189.66
2019-05-27,2192.87
2019-05-28,2187.45
2019-05-29,2221.56
2019-05-30,2239.31
2019-06-02,2237.71
2019-06-03,2233.75
2019-06-04,2223.27
2019-06-05,2260.94
2019-06-06,2280.6
2019-06-09,2282.51
2019-06-10,2295.6
2019-06-11,2282.8
2019-06-12,2300.2
2019-06-13,2286.46
2019-06-16,2276.6
2019-06-17,2325.16
2019-06-18,2319.71
2019-06-20,2308.32
2019-06-23,2331.08
2019-06-24,2303.31
2019-06-25,2317.17
2019-06-26,2335.13
2019-06-27,2327.67
2019-06-30,2329.74
2019-07-01,2341.09
2019-07-02,2345.56
2019-07-03,2356.49
2019-07-04,2342.01
2019-07-07,2339.07
2019-07-08,2312.63
2019-07-09,2312.77
2019-07-10,2316.95
2019-07-11,2315.36
2019-07-14,2324.21
2019-07-15,2321.52
2019-07-16,2306.67
2019-07-17,2321.41
2019-07-18,2344.03
2019-07-21,2342.51
2019-07-22,2335.86
2019-07-23,2335.41
2019-07-24,2310.31
2019-07-25,2305.79
2019-07-28,2285.93
2019-07-29,2263.92
2019-07-30,2277.37
2019-07-31,2240.78
2019-08-01,2216.51
2019-08-04,2164.14
2019-08-05,2156.23
2019-08-06,2138.23
2019-08-07,2158.88
2019-08-08,2127.61
2019-08-11,2109.73
2019-08-12,2140.19
2019-08-13,2078.39
2019-08-15,2064.12
2019-08-18,2102.23
2019-08-19,2110.11
2019-08-20,2105.88
2019-08-21,2108.05
2019-08-22,2103.68
2019-08-25,2098.41
2019-08-26,2095.45
2019-08-27,2051.44
2019-08-28,2069.33
2019-08-29,2135.25
2019-09-01,2144.48
2019-09-02,2107.16
2019-09-03,2102.73
2019-09-04,2106.89
2019-09-05,2122.6
2019-09-08,2174.41
2019-09-09,2187.8
2019-09-10,2189.21
2019-09-11,2189.07
2019-09-12,2200.95
2019-09-15,2217.84
2019-09-16,2192.71
2019-09-17,2205.02
2019-09-18,2191.61
2019-09-19,2171.75
2019-09-22,2147.32
2019-09-23,2175.24
2019-09-24,2159.68
2019-09-25,2172.47
2019-09-26,2186.31
2019-09-29,2173.29
2019-09-30,2152.5
2019-10-01,2098.28
2019-10-02,2099.3
2019-10-03,2121.16
2019-10-06,2121.87
2019-10-07,2131.83
2019-10-08,2134.37
2019-10-09,2122.99
2019-10-10,2159.91
2019-10-13,2148.53
2019-10-14,2154.8
2019-10-15,2156.06
2019-10-16,2173.75
2019-10-17,2164.75
2019-10-20,2183.25
2019-10-21,2212.15
2019-10-22,2208.54
2019-10-23,2208.36
2019-10-24,2175.27
2019-10-27,2211.8
2019-10-28,2227.93
2019-10-29,2227.38
2019-10-30,2194.1
2019-11-03,2264.06
2019-11-04,2272.45
2019-11-05,2255.34
2019-11-06,2272.17
2019-11-07,2255.46
2019-11-11,2248.81
2019-11-12,2235.52
2019-11-13,2226.15
2019-11-14,2233.87
2019-11-17,2229.92
2019-11-18,2207.25
2019-11-19,2194.58
2019-11-20,2179.53
2019-11-21,2188.24
2019-11-24,2197.54
2019-11-25,2190.58
2019-11-26,2181.33
2019-11-27,2169.09
2019-11-28,2158.94
2019-12-01,2122.3
2019-12-02,2089.92
2019-12-03,2081.89
2019-12-04,2092.12
2019-12-05,2073.11
2019-12-08,2066.55
2019-12-09,2054.11
2019-12-10,2047.34
2019-12-11,2102.19
2019-12-12,2106.51
2019-12-15,2112.93
2019-12-16,2132.25
2019-12-17,2131.85
2019-12-18,2133.72
2019-12-19,2128.04
2019-12-22,2142.54
2019-12-26,2151.74
2019-12-29,2150.09
2020-01-01,2200.1
2020-01-02,2173.97
2020-01-06,2145.01
2020-01-07,2115.99
2020-01-08,2157.61
2020-01-09,2167.91
2020-01-12,2194.42
2020-01-13,2182.96
2020-01-14,2165.08
2020-01-15,2173.74
2020-01-16,2175.95
2020-01-19,2178.06
2020-01-20,2158.04
2020-01-21,2146.56
2020-01-22,2148.41
2020-01-23,2154.28
2020-01-26,2083.79
2020-01-27,2098.04
2020-01-28,2098.18
2020-01-29,2079.98
2020-01-30,2065.9
2020-02-02,2072.88
2020-02-03,2106.63
2020-02-04,2122.91
2020-02-05,2111.76
2020-02-06,2110.2
2020-02-09,2092.89
2020-02-10,2107.4
2020-02-11,2126.31
2020-02-12,2120.07
2020-02-13,2115.29
2020-02-16,2121.14
2020-02-17,2113.49
2020-02-18,2115.18
2020-02-19,2099.88
2020-02-20,2088.53
2020-02-23,2000.9
2020-02-24,1945.71
2020-02-25,1933.51
2020-02-26,1850.61
2020-02-27,1768.91
2020-03-01,1807.7
2020-03-02,1889.67
2020-03-03,1860.95
2020-03-04,1822.85
2020-03-05,1764.81
2020-03-08,1625.99
2020-03-09,1599.48
2020-03-10,1505.64
2020-03-11,1305.73
2020-03-12,1365.97
2020-03-15,1341.54
2020-03-16,1429.28
2020-03-17,1401.29
2020-03-18,1469.43
2020-03-19,1488.42
2020-03-22,1405.45
2020-03-23,1451.02
2020-03-24,1441.83
2020-03-25,1492.01
2020-03-26,1475.9
2020-03-29,1477.65
2020-03-30,1512.84
2020-03-31,1482.42
2020-04-01,1491.55
2020-04-02,1506.48
2020-04-05,1581.05
2020-04-06,1603.5
2020-04-07,1579.18
2020-04-08,1615.72
2020-04-13,1662.4
2020-04-14,1606.21
2020-04-15,1597.9
2020-04-16,1625.59
2020-04-19,1640.06
2020-04-20,1573.44
2020-04-21,1605.12
2020-04-22,1626.1
2020-04-23,1601.91
2020-04-26,1591.97
2020-04-27,1594.25
2020-04-28,1651.33
2020-04-29,1648.68
2020-05-03,1600.65
2020-05-04,1598.84
2020-05-05,1567.98
2020-05-06,1587.35
2020-05-07,1606.5
2020-05-10,1587.31
2020-05-11,1622.51
2020-05-12,1614.32
2020-05-13,1579.16
2020-05-14,1572.55
2020-05-17,1639.08
2020-05-18,1640.18
2020-05-19,1652.64
2020-05-20,1637.84
2020-05-21,1630.44
2020-05-24,1644.74
2020-05-25,1709.71
2020-05-26,1707.59
2020-05-27,1718.45
2020-05-28,1722.65
2020-05-31,1733.52
2020-06-01,1736.36
2020-06-02,1766.85
2020-06-03,1786.58
2020-06-04,1842.47
2020-06-07,1841.25
2020-06-08,1835.59
2020-06-09,1841.18
2020-06-11,1788.83
2020-06-14,1741.47
2020-06-15,1798.0
2020-06-16,1787.81
2020-06-17,1795.86
2020-06-18,1807.85
2020-06-21,1797.05
2020-06-22,1825.99
2020-06-23,1784.23
2020-06-24,1793.36
2020-06-25,1759.43
2020-06-28,1769.47
2020-06-29,1758.82
2020-06-30,1772.38
2020-07-01,1804.01
2020-07-02,1800.96
2020-07-05,1818.55
2020-07-06,1800.93
2020-07-07,1788.22
2020-07-08,1791.68
2020-07-09,1797.27
2020-07-12,1801.64
2020-07-13,1771.7
2020-07-14,1794.78
2020-07-15,1799.08
2020-07-16,1796.04
2020-07-19,1840.6
2020-07-20,1845.34
2020-07-21,1830.61
2020-07-22,1820.25
2020-07-23,1810.33
2020-07-26,1830.87
2020-07-27,1823.52
2020-07-28,1824.53
2020-07-29,1763.22
2020-07-30,1767.54
2020-08-02,1804.38
2020-08-03,1811.46
2020-08-04,1833.2
2020-08-05,1818.64
2020-08-06,1817.23
2020-08-09,1823.15
2020-08-10,1847.73
2020-08-11,1855.86
2020-08-12,1858.35
2020-08-13,1856.56
2020-08-16,1862.12
2020-08-17,1840.33
2020-08-18,1833.22
2020-08-19,1815.03
2020-08-20,1820.6
2020-08-23,1841.46
2020-08-24,1821.29
2020-08-25,1848.35
2020-08-26,1846.5
2020-08-27,1829.79
2020-08-30,1800.21
2020-08-31,1772.61
2020-09-01,1785.44
2020-09-02,1769.19
2020-09-03,1758.11
2020-09-06,1772.85
2020-09-07,1733.88
2020-09-08,1773.37
2020-09-09,1764.86
2020-09-10,1772.89
2020-09-13,1758.65
2020-09-14,1743.93
2020-09-15,1738.1
2020-09-16,1745.73
2020-09-17,1731.76
2020-09-20,1682.26
2020-09-21,1693.09
2020-09-22,1685.4
2020-09-23,1665.96
2020-09-24,1674.14
2020-09-27,1738.44
2020-09-28,1718.21
2020-09-29,1712.73
2020-09-30,1694.18
2020-10-01,1697.39
2020-10-04,1731.85
2020-10-05,1735.45
2020-10-06,1736.61
2020-10-07,1719.91
2020-10-08,1698.91
2020-10-11,1683.21
2020-10-12,1660.12
2020-10-13,1670.26
2020-10-14,1627.59
2020-10-15,1655.36
2020-10-18,1648.11
2020-10-19,1656.34
2020-10-20,1641.42
2020-10-21,1642.7
2020-10-22,1645.32
2020-10-25,1631.66
2020-10-26,1625.54
2020-10-27,1549.74
2020-10-28,1542.76
2020-10-29,1515.97
2020-11-01,1556.14
2020-11-02,1636.28
2020-11-03,1640.94
2020-11-04,1670.43
2020-11-05,1697.49
2020-11-08,1765.71
2020-11-09,1779.34
2020-11-11,1771.49
2020-11-12,1749.41
2020-11-15,1799.02
2020-11-16,1793.56
2020-11-17,1810.43
2020-11-18,1789.79
2020-11-19,1820.85
2020-11-22,1832.04
2020-11-23,1859.42
2020-11-24,1860.15
2020-11-25,1849.57
2020-11-26,1852.69
2020-11-29,1830.04
2020-11-30,1853.38
2020-12-01,1897.97
2020-12-02,1890.11
2020-12-03,1947.68
2020-12-06,1958.53
2020-12-07,1970.27
2020-12-08,1994.12
2020-12-09,1984.0
2020-12-10,1950.85
2020-12-13,1939.07
2020-12-14,1955.69
2020-12-15,1985.26
2020-12-16,1975.76
2020-12-17,1952.54
2020-12-20,1888.8
2020-12-21,1928.4
2020-12-22,1955.84
2020-12-27,2004.41
2020-12-28,2016.01
2020-12-29,1983.98
2021-01-03,2008.75
2021-01-04,2009.12
2021-01-06,2074.11
2021-01-07,2072.74
2021-01-10,2066.97
2021-01-11,2043.73
2021-01-12,2023.36
2021-01-13,2031.71
2021-01-14,1985.68
2021-01-17,2023.74
2021-01-18,1980.12
2021-01-19,1986.09
2021-01-20,1953.49
2021-01-21,1952.67
2021-01-24,1945.78
2021-01-25,1981.98
2021-01-26,1929.21
2021-01-27,1987.83
2021-01-28,1948.01
2021-01-31,1967.72
2021-02-01,1954.02
2021-02-02,1940.69
2021-02-03,1927.02
2021-02-04,1957.73
2021-02-07,1952.1
2021-02-08,1941.6
2021-02-09,1917.54
2021-02-10,1954.92
2021-02-11,1937.07
2021-02-14,1974.82
2021-02-15,2004.54
2021-02-16,1986.8
2021-02-17,1980.77
2021-02-18,1985.31
2021-02-21,1961.62
2021-02-22,1922.59
2021-02-23,1937.9
2021-02-24,1936.47
2021-02-25,1907.28
2021-02-28,1949.57
2021-03-01,1959.52
2021-03-02,1943.24
2021-03-03,1944.86
2021-03-04,1939.59
2021-03-07,1965.25
2021-03-08,1994.18
2021-03-09,2003.55
2021-03-10,1994.38
2021-03-11,2006.11
2021-03-14,2001.24
2021-03-15,1981.41
2021-03-16,1939.01
2021-03-17,1960.75
2021-03-18,1927.56
2021-03-21,1929.12
2021-03-22,1923.55
2021-03-23,1899.95
2021-03-24,1876.85
2021-03-25,1918.71
2021-03-28,1953.02
2021-03-29,1942.32
2021-03-30,1938.84
2021-03-31,1954.38
2021-04-05,2012.87
2021-04-06,1998.73
2021-04-07,1980.32
2021-04-08,1975.11
2021-04-11,1982.58
2021-04-12,1974.73
2021-04-13,2011.96
2021-04-14,2019.29
2021-04-15,2012.27
2021-04-18,1998.99
2021-04-19,1987.76
2021-04-20,1982.4
2021-04-21,1989.73
2021-04-22,1986.63
2021-04-25,2005.1
2021-04-26,1998.92
2021-04-27,2029.64
2021-04-28,2050.69
2021-04-29,2037.59
2021-05-03,2004.04
2021-05-04,2047.36
2021-05-05,2046.67
2021-05-06,2097.31
2021-05-09,2115.7
2021-05-10,2110.48
2021-05-11,2091.39
2021-05-12,2089.32
2021-05-13,2092.8
2021-05-16,2128.49
2021-05-17,2136.54
2021-05-18,2115.15
2021-05-19,2131.18
2021-05-20,2139.06
2021-05-23,2134.18
2021-05-24,2153.78
2021-05-25,2164.89
2021-05-26,2207.47
2021-05-27,2236.31
2021-05-30,2233.36
2021-05-31,2233.37
2021-06-01,2252.26
2021-06-03,2254.59
2021-06-06,2246.63
2021-06-07,2237.61
2021-06-08,2218.45
2021-06-09,2236.89
2021-06-10,2224.67
2021-06-13,2253.2
2021-06-14,2230.37
2021-06-15,2225.27
2021-06-16,2211.58
2021-06-17,2220.68
2021-06-20,2219.45
2021-06-21,2220.53
2021-06-22,2233.7
2021-06-23,2273.11
2021-06-24,2282.46
2021-06-27,2285.81
2021-06-28,2258.24
2021-06-29,2218.41
2021-06-30,2250.58
2021-07-01,2252.18
2021-07-04,2258.82
2021-07-05,2228.46
2021-07-06,2285.79
2021-07-07,2234.6
2021-07-08,2251.78
2021-07-11,2255.48
2021-07-12,2264.26
2021-07-13,2268.57
2021-07-14,2260.49
2021-07-15,2258.1
2021-07-18,2205.86
2021-07-19,2221.28
2021-07-20,2241.97
2021-07-21,2229.86
2021-07-22,2242.41
2021-07-25,2240.65
2021-07-26,2224.59
2021-07-27,2245.76
2021-07-28,2265.69
2021-07-29,2253.45
2021-08-01,2253.28
2021-08-02,2257.73
2021-08-03,2272.09
2021-08-04,2270.67
2021-08-05,2273.89
2021-08-08,2274.48
2021-08-09,2277.23
2021-08-10,2283.69
2021-08-11,2297.72
2021-08-12,2302.03
2021-08-15,2282.1
2021-08-16,2300.04
2021-08-17,2284.97
2021-08-18,2260.02
2021-08-19,2255.56
2021-08-22,2287.52
2021-08-23,2300.9
2021-08-24,2325.19
2021-08-25,2309.44
2021-08-26,2323.77
2021-08-29,2350.23
2021-08-30,2368.03
2021-08-31,2371.16
2021-09-01,2391.94
2021-09-02,2380.82
2021-09-05,2416.38
2021-09-06,2394.79
2021-09-07,2364.63
2021-09-08,2356.39
2021-09-09,2360.7
2021-09-12,2387.74
2021-09-13,2376.01
2021-09-14,2355.23
2021-09-15,2357.28
2021-09-16,2333.01
2021-09-19,2272.52
2021-09-20,2278.11
2021-09-21,2334.1
2021-09-22,2320.51
2021-09-23,2299.18
2021-09-26,2292.47
2021-09-27,2275.68
2021-09-28,2290.97
2021-09-29,2310.29
2021-09-30,2327.88
2021-10-03,2338.09
2021-10-04,2364.72
2021-10-05,2349.46
2021-10-06,2359.54
2021-10-07,2411.12
2021-10-10,2457.36
2021-10-11,2472.33
2021-10-12,2451.89
2021-10-13,2459.5
2021-10-14,2453.98
2021-10-17,2459.81
2021-10-18,2447.54
2021-10-19,2443.11
2021-10-20,2427.35
2021-10-21,2417.09
2021-10-24,2427.19
2021-10-25,2425.29
2021-10-26,2404.82
2021-10-27,2392.67
2021-10-28,2405.05
2021-11-01,2407.53
2021-11-02,2380.11
2021-11-03,2438.8
2021-11-04,2439.16
2021-11-07,2423.92
2021-11-08,2395.05
2021-11-09,2366.59
2021-11-11,2358.23
2021-11-14,2335.04
2021-11-15,2340.03
2021-11-16,2317.49
2021-11-17,2271.31
2021-11-18,2248.18
2021-11-21,2247.82
2021-11-22,2261.15
2021-11-23,2239.75
2021-11-24,2229.44
2021-11-25,2143.13
2021-11-28,2148.62
2021-11-29,2194.37
2021-11-30,2217.18
2021-12-01,2201.86
2021-12-02,2179.71
2021-12-05,2190.67
2021-12-06,2231.12
2021-12-07,2219.62
2021-12-08,2212.81
2021-12-09,2213.78
2021-12-12,2214.38
2021-12-13,2211.81
2021-12-14,2161.04
2021-12-15,2213.89
2021-12-16,2194.56
2021-12-19,2189.91
2021-12-20,2185.47
2021-12-21,2212.32
2021-12-22,2225.8
2021-12-26,2226.24
2021-12-27,2252.43
2021-12-28,2260.7
2021-12-29,2266.92
2022-01-02,2286.5
2022-01-03,2300.68
2022-01-04,2310.97
2022-01-06,2311.93
2022-01-09,2291.23
2022-01-10,2344.45
2022-01-11,2411.11
2022-01-12,2407.62
2022-01-13,2383.16
2022-01-16,2365.29
2022-01-17,2317.36
2022-01-18,2316.94
2022-01-19,2308.94
2022-01-20,2273.81
2022-01-23,2170.36
2022-01-24,2199.6
2022-01-25,2233.18
2022-01-26,2234.33
2022-01-27,2183.7
2022-01-30,2209.62
2022-01-31,2224.28
2022-02-01,2252.92
2022-02-02,2235.15
2022-02-03,2174.57
2022-02-06,2171.62
2022-02-07,2215.12
2022-02-08,2235.93
2022-02-09,2213.21
2022-02-10,2203.13
2022-02-13,2161.79
2022-02-14,2209.7
2022-02-15,2212.73
2022-02-16,2175.61
2022-02-17,2143.28
2022-02-20,2069.53
2022-02-21,2101.31
2022-02-22,2038.99
2022-02-23,1817.45
2022-02-24,1970.78
2022-02-27,1999.88
2022-02-28,1967.01
2022-03-01,2043.96
2022-03-02,2009.56
2022-03-03,1918.75
2022-03-06,1934.94
2022-03-07,1908.1
2022-03-08,1973.25
2022-03-09,1970.27
2022-03-10,2033.49
2022-03-13,1972.14
2022-03-14,1999.93
2022-03-15,2060.07
2022-03-16,2125.29
2022-03-17,2099.26
2022-03-20,2093.04
2022-03-21,2121.52
2022-03-22,2120.86
2022-03-23,2138.8
2022-03-24,2115.58
2022-03-27,2123.12
2022-03-28,2171.56
2022-03-29,2179.56
2022-03-30,2133.05
2022-03-31,2164.81
2022-04-03,2157.79
2022-04-04,2123.49
2022-04-05,2107.82
2022-04-06,2076.63
2022-04-07,2085.07
2022-04-10,2121.65
2022-04-11,2094.01
2022-04-12,2104.32
2022-04-13,2093.17
2022-04-18,2068.52
2022-04-19,2047.81
2022-04-20,2028.76
2022-04-21,1973.31
2022-04-24,1919.55
2022-04-25,1896.46
2022-04-26,1883.09
2022-04-27,1884.42
2022-04-28,1858.12
2022-05-01,1824.05
2022-05-03,1812.56
2022-05-04,1765.85
2022-05-05,1765.14
2022-05-08,1727.34
2022-05-09,1719.24
2022-05-10,1718.07
2022-05-11,1691.62
2022-05-12,1765.63
2022-05-15,1762.22
2022-05-16,1800.55
2022-05-17,1801.68
2022-05-18,1776.4
2022-05-19,1782.66
2022-05-22,1836.87
2022-05-23,1810.98
2022-05-24,1796.58
2022-05-25,1827.01
2022-05-26,1810.68
2022-05-29,1858.6
2022-05-30,1842.93
2022-05-31,1822.57
2022-06-01,1833.76
2022-06-02,1819.99
2022-06-05,1849.55
2022-06-06,1828.57
2022-06-07,1792.8
2022-06-08,1767.5
2022-06-09,1725.18
2022-06-12,1681.75
2022-06-13,1704.07
2022-06-14,1707.11
2022-06-16,1676.67
2022-06-19,1679.89
2022-06-20,1719.05
2022-06-21,1680.61
2022-06-22,1654.32
2022-06-23,1682.33
2022-06-26,1713.18
2022-06-27,1739.08
2022-06-28,1733.19
2022-06-29,1695.97
2022-06-30,1688.85
2022-07-03,1693.1
2022-07-04,1644.46
2022-07-05,1654.84
2022-07-06,1708.8
2022-07-07,1740.46
2022-07-10,1714.56
2022-07-11,1663.46
2022-07-12,1655.65
2022-07-13,1613.98
2022-07-14,1620.13
2022-07-17,1669.48
2022-07-18,1679.27
2022-07-19,1694.58
2022-07-20,1683.09
2022-07-21,1701.73
2022-07-24,1685.62
2022-07-25,1654.7
2022-07-26,1651.89
2022-07-27,1667.17
2022-07-28,1721.11
2022-07-31,1736.47
2022-08-01,1713.61
2022-08-02,1688.03
2022-08-03,1674.37
2022-08-04,1652.14
2022-08-07,1695.78
2022-08-08,1684.14
2022-08-09,1694.11
2022-08-10,1724.98
2022-08-11,1735.07
2022-08-15,1735.0
2022-08-16,1682.93
2022-08-17,1699.68
2022-08-18,1673.4
2022-08-21,1640.02
2022-08-22,1656.77
2022-08-23,1620.63
2022-08-24,1632.0
2022-08-25,1602.81
2022-08-28,1573.35
2022-08-29,1535.11
2022-08-30,1528.22
2022-08-31,1462.59
2022-09-01,1505.75
2022-09-04,1492.06
2022-09-05,1452.86
2022-09-06,1469.42
2022-09-07,1473.18
2022-09-08,1534.68
2022-09-11,1561.97
2022-09-12,1519.35
2022-09-13,1528.29
2022-09-14,1539.75
2022-09-15,1501.91
2022-09-18,1527.25
2022-09-19,1497.41
2022-09-20,1509.32
2022-09-21,1518.19
2022-09-22,1457.78
2022-09-25,1433.08
2022-09-26,1458.81
2022-09-27,1435.37
2022-09-28,1380.1
2022-09-29,1377.91
2022-10-02,1386.96
2022-10-03,1449.81
2022-10-04,1419.12
2022-10-05,1417.82
2022-10-06,1405.21
2022-10-09,1379.49
2022-10-10,1381.84
2022-10-11,1377.19
2022-10-12,1358.5
2022-10-13,1397.23
2022-10-16,1414.06
2022-10-17,1427.68
2022-10-18,1397.66
2022-10-19,1426.52
2022-10-20,1411.62
2022-10-23,1433.21
2022-10-24,1444.02
2022-10-25,1487.6
2022-10-26,1506.74
2022-10-27,1508.7
2022-10-30,1536.28
2022-11-01,1573.97
2022-11-02,1559.55
2022-11-03,1601.27
2022-11-06,1618.14
2022-11-07,1644.75
2022-11-08,1644.12
2022-11-09,1690.38
2022-11-13,1743.89
2022-11-14,1769.55
2022-11-15,1741.17
2022-11-16,1708.23
2022-11-17,1707.23
2022-11-20,1685.5
2022-11-21,1717.75
2022-11-22,1713.61
2022-11-23,1753.95
2022-11-24,1755.69
2022-11-27,1728.74
2022-11-28,1736.19
2022-11-29,1736.26
2022-11-30,1766.38
2022-12-01,1733.46
2022-12-04,1746.54
2022-12-05,1733.59
2022-12-06,1735.66
2022-12-07,1725.66
2022-12-08,1730.16
2022-12-11,1755.34
2022-12-12,1784.67
2022-12-13,1787.37
2022-12-14,1756.52
2022-12-15,1741.3
2022-12-18,1743.24
2022-12-19,1763.2
2022-12-20,1786.1
2022-12-21,1780.07
2022-12-22,1780.27
2022-12-26,1765.87
2022-12-27,1767.88
2022-12-28,1802.2
2022-12-29,1792.01
2023-01-01,1791.47
2023-01-02,1824.82
2023-01-03,1855.05
2023-01-04,1856.05
2023-01-08,1912.47
2023-01-09,1937.98
2023-01-10,1914.74
2023-01-11,1930.79
2023-01-12,1923.44
2023-01-15,1933.08
2023-01-16,1904.51
2023-01-17,1913.25
2023-01-18,1889.84
2023-01-19,1892.32
2023-01-22,1923.15
2023-01-23,1918.6
2023-01-24,1886.24
2023-01-25,1911.61
2023-01-26,1911.5
2023-01-29,1889.82
2023-01-30,1902.25
2023-01-31,1871.93
2023-02-01,1903.79
2023-02-02,1906.13
2023-02-05,1864.76
2023-02-06,1870.87
2023-02-07,1886.68
2023-02-08,1896.24
2023-02-09,1848.04
2023-02-12,1853.29
2023-02-13,1852.67
2023-02-14,1870.03
2023-02-15,1865.51
2023-02-16,1859.26
2023-02-19,1849.48
2023-02-20,1825.89
2023-02-21,1796.87
2023-02-22,1824.76
2023-02-23,1807.31
2023-02-26,1820.79
2023-02-27,1847.94
2023-02-28,1856.22
2023-03-01,1817.77
2023-03-02,1841.85
2023-03-05,1873.63
2023-03-06,1853.4
2023-03-07,1860.83
2023-03-08,1835.94
2023-03-09,1799.58
2023-03-12,1753.3
2023-03-13,1755.3
2023-03-14,1707.42
2023-03-15,1706.55
2023-03-16,1678.16
2023-03-19,1686.56
2023-03-20,1719.16
2023-03-21,1707.29
2023-03-22,1705.91
2023-03-23,1670.18
2023-03-26,1686.96
2023-03-27,1694.12
2023-03-28,1709.39
2023-03-29,1763.29
2023-03-30,1758.56
2023-04-02,1775.99
2023-04-03,1773.53
2023-04-04,1756.95
2023-04-05,1754.24
2023-04-10,1783.31
2023-04-11,1816.28
2023-04-12,1840.77
2023-04-13,1854.27
2023-04-16,1861.85
2023-04-17,1896.92
2023-04-18,1896.87
2023-04-19,1911.19
2023-04-20,1900.63
2023-04-23,1910.52
2023-04-24,1890.69
2023-04-25,1888.61
2023-04-26,1948.07
2023-04-27,1923.09
2023-05-01,1919.24
2023-05-03,1884.32
2023-05-04,1912.37
2023-05-07,1922.08
2023-05-08,1919.92
2023-05-09,1931.94
2023-05-10,1918.71
2023-05-11,1939.03
2023-05-14,1940.63
2023-05-15,1948.83
2023-05-16,1933.08
2023-05-17,1939.9
2023-05-18,1992.31
2023-05-21,2004.72
2023-05-22,2004.06
2023-05-23,1958.63
2023-05-24,1941.16
2023-05-25,1984.12
2023-05-28,1980.39
2023-05-29,1946.38
2023-05-30,1894.48
2023-05-31,1946.21
2023-06-01,2018.09
2023-06-04,2020.07
2023-06-05,2053.44
2023-06-06,2036.31
2023-06-08,2050.99
2023-06-11,2044.2
2023-06-12,2024.98
2023-06-13,2075.83
2023-06-14,2097.34
2023-06-15,2108.05
2023-06-18,2083.81
2023-06-19,2066.78
2023-06-20,2076.16
2023-06-21,2075.51
2023-06-22,2035.0
2023-06-25,2068.49
2023-06-26,2039.34
2023-06-27,2045.15
2023-06-28,2062.11
2023-06-29,2060.38
2023-07-02,2078.46
2023-07-03,2056.53
2023-07-04,2015.11
2023-07-05,2010.48
2023-07-06,2035.57
2023-07-09,2041.39
2023-07-10,2054.39
2023-07-11,2114.5
2023-07-12,2117.53
2023-07-13,2127.08
2023-07-16,2136.87
2023-07-17,2161.24
2023-07-18,2171.53
2023-07-19,2159.05
2023-07-20,2155.56
2023-07-23,2173.8
2023-07-24,2181.76
2023-07-25,2163.91
2023-07-26,2189.58
2023-07-27,2189.24
2023-07-30,2193.56
2023-07-31,2188.77
2023-08-01,2142.82
2023-08-02,2141.81
2023-08-03,2169.73
2023-08-06,2152.17
2023-08-07,2113.37
2023-08-08,2096.43
2023-08-09,2130.58
2023-08-10,2105.31
2023-08-13,2087.01
2023-08-15,2044.35
2023-08-16,2021.15
2023-08-17,2014.55
2023-08-20,2015.21
2023-08-21,2009.59
2023-08-22,2012.34
2023-08-23,2009.58
2023-08-24,2000.42
2023-08-27,2039.32
2023-08-28,2042.08
2023-08-29,2049.96
2023-08-30,2027.38
2023-08-31,2050.94
2023-09-03,2025.59
2023-09-04,2006.27
2023-09-05,1958.07
2023-09-06,1927.39
2023-09-07,1943.99
2023-09-10,1941.79
2023-09-11,1949.57
2023-09-12,1949.65
2023-09-13,1967.77
2023-09-14,1975.05
2023-09-17,1943.94
2023-09-18,1930.86
2023-09-19,1975.57
2023-09-20,1949.56
2023-09-21,1949.25
2023-09-24,1925.22
2023-09-25,1928.42
2023-09-26,1898.92
2023-09-27,1884.74
2023-09-28,1915.6
2023-10-01,1873.32
2023-10-02,1864.31
2023-10-03,1879.35
2023-10-04,1864.65
2023-10-05,1870.43
2023-10-08,1909.41
2023-10-09,1960.21
2023-10-10,1976.83
2023-10-11,1960.94
2023-10-12,1974.56
2023-10-15,2079.49
2023-10-16,2118.37
2023-10-17,2094.62
2023-10-18,2051.4
2023-10-19,2028.92
2023-10-22,2021.14
2023-10-23,2059.53
2023-10-24,2096.22
2023-10-25,2120.96
2023-10-26,2103.73
2023-10-29,2126.47
2023-10-30,2149.73
2023-11-01,2158.41
2023-11-02,2177.29
2023-11-05,2186.01
2023-11-06,2168.12
2023-11-07,2140.2
2023-11-08,2170.91
2023-11-09,2141.09
2023-11-12,2132.7
2023-11-13,2236.12
2023-11-14,2218.61
2023-11-15,2217.16
2023-11-16,2228.28
2023-11-19,2250.55
2023-11-20,2240.99
2023-11-21,2241.16
2023-11-22,2225.6
2023-11-23,2228.01
2023-11-26,2208.05
2023-11-27,2239.69
2023-11-28,2222.44
2023-11-29,2215.25
2023-11-30,2285.98
2023-12-03,2281.04
2023-12-04,2298.78
2023-12-05,2309.81
2023-12-06,2288.84
2023-12-07,2306.05
2023-12-10,2313.32
2023-12-11,2293.66
2023-12-12,2298.31
2023-12-13,2312.56
2023-12-14,2320.45
2023-12-17,2334.5
2023-12-18,2354.57
2023-12-19,2346.52
2023-12-20,2348.67
2023-12-21,2346.7
2023-12-26,2371.28
2023-12-27,2356.32
2023-12-28,2342.99
2024-01-01,2303.41
2024-01-02,2295.12
2024-01-03,2282.23
2024-01-04,2274.59
2024-01-07,2279.86
2024-01-08,2288.2
2024-01-09,2270.82
2024-01-10,2246.21
2024-01-11,2248.58
2024-01-14,2216.01
2024-01-15,2208.54
2024-01-16,2167.71
2024-01-17,2191.26
2024-01-18,2200.91
2024-01-21,2205.03
2024-01-22,2196.27
2024-01-23,2213.36
2024-01-24,2206.18
2024-01-25,2223.47
2024-01-28,2213.17
2024-01-29,2235.83
2024-01-30,2279.86
2024-01-31,2306.07
2024-02-01,2350.44
2024-02-04,2329.72
2024-02-05,2332.22
2024-02-06,2347.31
2024-02-07,2318.89
2024-02-08,2309.39
2024-02-11,2345.13
2024-02-12,2300.09
2024-02-13,2347.65
2024-02-14,2345.75
2024-02-15,2371.05
2024-02-18,2387.94
2024-02-19,2423.18
2024-02-20,2411.43
2024-02-21,2447.32
2024-02-22,2476.82
2024-02-25,2464.05
2024-02-26,2457.83
2024-02-27,2412.0
2024-02-28,2418.1
2024-02-29,2424.7
2024-03-03,2398.38
2024-03-04,2367.74
2024-03-05,2371.37
2024-03-06,2336.23
2024-03-07,2351.65
2024-03-10,2370.39
2024-03-11,2425.09
2024-03-12,2408.31
2024-03-13,2412.33
2024-03-14,2350.97
2024-03-17,2350.87
2024-03-18,2335.74
2024-03-19,2341.35
2024-03-20,2409.74
2024-03-21,2377.69
2024-03-24,2343.24
2024-03-25,2387.64
2024-03-26,2394.81
2024-03-27,2436.05
2024-04-01,2434.77
2024-04-02,2433.78
2024-04-03,2469.3
2024-04-04,2470.75
2024-04-07,2507.13
2024-04-08,2475.42
2024-04-09,2500.26
2024-04-10,2468.31
2024-04-11,2446.16
2024-04-14,2453.31
2024-04-15,2392.5
2024-04-16,2432.32
2024-04-17,2460.99
2024-04-18,2464.04
2024-04-21,2508.34
2024-04-22,2492.3
2024-04-23,2469.17
2024-04-24,2446.93
2024-04-25,2479.1
2024-04-28,2507.84
2024-04-29,2476.29
2024-05-01,2470.52
2024-05-05,2547.53
2024-05-06,2536.99
2024-05-07,2550.72
2024-05-08,2565.64
2024-05-09,2523.05
2024-05-12,2547.1
2024-05-13,2557.21
2024-05-14,2555.32
2024-05-15,2562.83
2024-05-16,2574.96
2024-05-19,2593.1
2024-05-20,2567.52
2024-05-21,2552.7
2024-05-22,2541.37
2024-05-23,2528.8
2024-05-26,2530.08
2024-05-27,2505.97
2024-05-28,2463.98
2024-05-30,2485.53
2024-06-02,2496.92
2024-06-03,2433.81
2024-06-04,2445.33
2024-06-05,2462.49
2024-06-06,2428.84
2024-06-09,2428.58
2024-06-10,2402.91
2024-06-11,2442.89
2024-06-12,2401.63
2024-06-13,2413.73
2024-06-16,2458.79
2024-06-17,2455.11
2024-06-18,2491.74
2024-06-19,2497.82
2024-06-20,2489.91
2024-06-23,2542.42
2024-06-24,2547.21
2024-06-25,2541.43
2024-06-26,2547.78
2024-06-27,2561.27
2024-06-30,2553.09
2024-07-01,2528.44
2024-07-02,2543.64
2024-07-03,2549.11
2024-07-04,2518.89
2024-07-07,2539.4
2024-07-08,2543.85
2024-07-09,2521.39
2024-07-10,2547.69
2024-07-11,2566.19
2024-07-14,2569.86
2024-07-15,2485.93
2024-07-16,2454.63
2024-07-17,2496.44
2024-07-18,2476.38
2024-07-21,2481.28
2024-07-22,2445.06
2024-07-23,2431.72
2024-07-24,2415.63
2024-07-25,2407.15
2024-07-28,2419.12
2024-07-29,2384.77
2024-07-30,2421.49
2024-07-31,2374.62
2024-08-01,2339.16
2024-08-04,2266.27
2024-08-05,2237.76
2024-08-06,2236.35
2024-08-07,2264.1
2024-08-08,2258.52
2024-08-11,2335.65
2024-08-12,2330.32
2024-08-13,2344.14
2024-08-15,2421.06
2024-08-18,2426.89
2024-08-19,2383.43
2024-08-20,2401.57
2024-08-21,2400.05
2024-08-22,2401.25
2024-08-25,2395.38
2024-08-26,2396.22
2024-08-27,2383.94
2024-08-28,2403.14
2024-08-29,2412.16
2024-09-01,2456.07
2024-09-02,2409.5
2024-09-03,2403.12
2024-09-04,2371.94
2024-09-05,2318.2
2024-09-08,2330.89
2024-09-09,2307.54
2024-09-10,2262.33
2024-09-11,2294.32
2024-09-12,2336.62
2024-09-15,2294.76
2024-09-16,2334.86
2024-09-17,2326.69
2024-09-18,2326.8
2024-09-19,2279.98
2024-09-22,2286.81
2024-09-23,2337.49
2024-09-24,2346.26
2024-09-25,2366.47
2024-09-26,2382.95
2024-09-29,2324.13
2024-09-30,2315.86
2024-10-01,2317.7
2024-10-02,2280.66
2024-10-03,2291.53
2024-10-06,2291.51
2024-10-07,2284.75
2024-10-08,2321.28
2024-10-09,2308.16
2024-10-10,2333.75
2024-10-13,2327.5
2024-10-14,2322.68
2024-10-15,2341.0
2024-10-16,2283.98
2024-10-17,2303.33
2024-10-20,2278.75
2024-10-21,2250.38
2024-10-22,2256.21
2024-10-23,2245.55
2024-10-24,2245.25
2024-10-27,2245.79
2024-10-28,2284.76
2024-10-29,2230.54
2024-10-30,2205.47
2024-11-03,2252.86
2024-11-04,2236.48
2024-11-05,2241.24
2024-11-06,2310.43
2024-11-07,2298.3
2024-11-11,2255.73
2024-11-12,2232.69
2024-11-13,2247.93
2024-11-14,2188.75
2024-11-17,2184.7
2024-11-18,2123.35
2024-11-19,2144.68
2024-11-20,2178.03
2024-11-21,2194.06
2024-11-24,2202.76
2024-11-25,2199.85
2024-11-26,2186.69
2024-11-27,2187.08
2024-11-28,2191.12
2024-12-01,2247.36
2024-12-02,2240.58
2024-12-03,2268.14
2024-12-04,2310.78
2024-12-05,2310.0
2024-12-08,2315.74
2024-12-09,2317.3
2024-12-10,2296.1
2024-12-11,2276.69
2024-12-12,2273.12
2024-12-15,2270.66
2024-12-16,2211.89
2024-12-17,2226.58
2024-12-18,2225.51
2024-12-19,2200.39
2024-12-22,2202.17
2024-12-26,2204.19
2024-12-29,2192.01
